year,state,month,number,date
1998,Alagoas,Janeiro,0,1998-01-01
1998,Alagoas,Fevereiro,0,1998-02-01
1998,Alagoas,Mar�o,0,1998-03-01
1998,Alagoas,Abril,0,1998-04-01
1998,Alagoas,Maio,0,1998-05-01
1998,Alagoas,Junho,0,1998-06-01
1998,Alagoas,Julho,0,1998-07-01
1998,Alagoas,Agosto,1,1998-08-01
1998,Alagoas,Setembro,14,1998-09-01
1998,Alagoas,Outubro,20,1998-10-01
1998,Alagoas,Novembro,19,1998-11-01
1998,Alagoas,Dezembro,32,1998-12-01
1998,Bahia,Janeiro,0,1998-01-01
1998,Bahia,Fevereiro,0,1998-02-01
1998,Bahia,Mar�o,0,1998-03-01
1998,Bahia,Abril,0,1998-04-01
1998,Bahia,Maio,0,1998-05-01
1998,Bahia,Junho,55,1998-06-01
1998,Bahia,Julho,219,1998-07-01
1998,Bahia,Agosto,815,1998-08-01
1998,Bahia,Setembro,2718,1998-09-01
1998,Bahia,Outubro,1969,1998-10-01
1998,Bahia,Novembro,49,1998-11-01
1998,Bahia,Dezembro,82,1998-12-01
1998,Ceara,Janeiro,0,1998-01-01
1998,Ceara,Fevereiro,0,1998-02-01
1998,Ceara,Mar�o,0,1998-03-01
1998,Ceara,Abril,0,1998-04-01
1998,Ceara,Maio,0,1998-05-01
1998,Ceara,Junho,1,1998-06-01
1998,Ceara,Julho,76,1998-07-01
1998,Ceara,Agosto,93,1998-08-01
1998,Ceara,Setembro,590,1998-09-01
1998,Ceara,Outubro,1014,1998-10-01
1998,Ceara,Novembro,575,1998-11-01
1998,Ceara,Dezembro,276,1998-12-01
1998,Maranhao,Janeiro,0,1998-01-01
1998,Maranhao,Fevereiro,0,1998-02-01
1998,Maranhao,Mar�o,0,1998-03-01
1998,Maranhao,Abril,0,1998-04-01
1998,Maranhao,Maio,0,1998-05-01
1998,Maranhao,Junho,78,1998-06-01
1998,Maranhao,Julho,274,1998-07-01
1998,Maranhao,Agosto,1176,1998-08-01
1998,Maranhao,Setembro,3935,1998-09-01
1998,Maranhao,Outubro,5137,1998-10-01
1998,Maranhao,Novembro,2237,1998-11-01
1998,Maranhao,Dezembro,1399,1998-12-01
1998,Paraiba,Janeiro,0,1998-01-01
1998,Paraiba,Fevereiro,0,1998-02-01
1998,Paraiba,Mar�o,0,1998-03-01
1998,Paraiba,Abril,0,1998-04-01
1998,Paraiba,Maio,0,1998-05-01
1998,Paraiba,Junho,3,1998-06-01
1998,Paraiba,Julho,0,1998-07-01
1998,Paraiba,Agosto,3,1998-08-01
1998,Paraiba,Setembro,50,1998-09-01
1998,Paraiba,Outubro,179,1998-10-01
1998,Paraiba,Novembro,46,1998-11-01
1998,Paraiba,Dezembro,51,1998-12-01
1998,Pernambuco,Janeiro,0,1998-01-01
1998,Pernambuco,Fevereiro,0,1998-02-01
1998,Pernambuco,Mar�o,0,1998-03-01
1998,Pernambuco,Abril,0,1998-04-01
1998,Pernambuco,Maio,0,1998-05-01
1998,Pernambuco,Junho,1,1998-06-01
1998,Pernambuco,Julho,5,1998-07-01
1998,Pernambuco,Agosto,12,1998-08-01
1998,Pernambuco,Setembro,177,1998-09-01
1998,Pernambuco,Outubro,372,1998-10-01
1998,Pernambuco,Novembro,141,1998-11-01
1998,Pernambuco,Dezembro,59,1998-12-01
1998,Piaui,Janeiro,0,1998-01-01
1998,Piaui,Fevereiro,0,1998-02-01
1998,Piaui,Mar�o,0,1998-03-01
1998,Piaui,Abril,0,1998-04-01
1998,Piaui,Maio,0,1998-05-01
1998,Piaui,Junho,46,1998-06-01
1998,Piaui,Julho,189,1998-07-01
1998,Piaui,Agosto,711,1998-08-01
1998,Piaui,Setembro,1991,1998-09-01
1998,Piaui,Outubro,2586,1998-10-01
1998,Piaui,Novembro,424,1998-11-01
1998,Piaui,Dezembro,119,1998-12-01
1998,Sergipe,Janeiro,0,1998-01-01
1998,Sergipe,Fevereiro,0,1998-02-01
1998,Sergipe,Mar�o,0,1998-03-01
1998,Sergipe,Abril,0,1998-04-01
1998,Sergipe,Maio,0,1998-05-01
1998,Sergipe,Junho,0,1998-06-01
1998,Sergipe,Julho,0,1998-07-01
1998,Sergipe,Agosto,0,1998-08-01
1998,Sergipe,Setembro,0,1998-09-01
1998,Sergipe,Outubro,0,1998-10-01
1998,Sergipe,Novembro,12,1998-11-01
1998,Sergipe,Dezembro,8,1998-12-01
1999,Alagoas,Janeiro,58,1999-01-01
1999,Alagoas,Fevereiro,20,1999-02-01
1999,Alagoas,Mar�o,52,1999-03-01
1999,Alagoas,Abril,4,1999-04-01
1999,Alagoas,Maio,1,1999-05-01
1999,Alagoas,Junho,0,1999-06-01
1999,Alagoas,Julho,0,1999-07-01
1999,Alagoas,Agosto,3,1999-08-01
1999,Alagoas,Setembro,3,1999-09-01
1999,Alagoas,Outubro,4,1999-10-01
1999,Alagoas,Novembro,15,1999-11-01
1999,Alagoas,Dezembro,12,1999-12-01
1999,Bahia,Janeiro,114,1999-01-01
1999,Bahia,Fevereiro,157,1999-02-01
1999,Bahia,Mar�o,83,1999-03-01
1999,Bahia,Abril,55,1999-04-01
1999,Bahia,Maio,76,1999-05-01
1999,Bahia,Junho,64,1999-06-01
1999,Bahia,Julho,107,1999-07-01
1999,Bahia,Agosto,453,1999-08-01
1999,Bahia,Setembro,1275,1999-09-01
1999,Bahia,Outubro,1307,1999-10-01
1999,Bahia,Novembro,49,1999-11-01
1999,Bahia,Dezembro,37,1999-12-01
1999,Ceara,Janeiro,47,1999-01-01
1999,Ceara,Fevereiro,16,1999-02-01
1999,Ceara,Mar�o,30,1999-03-01
1999,Ceara,Abril,6,1999-04-01
1999,Ceara,Maio,5,1999-05-01
1999,Ceara,Junho,16,1999-06-01
1999,Ceara,Julho,83,1999-07-01
1999,Ceara,Agosto,131,1999-08-01
1999,Ceara,Setembro,124,1999-09-01
1999,Ceara,Outubro,309,1999-10-01
1999,Ceara,Novembro,524,1999-11-01
1999,Ceara,Dezembro,397,1999-12-01
1999,Maranhao,Janeiro,54,1999-01-01
1999,Maranhao,Fevereiro,6,1999-02-01
1999,Maranhao,Mar�o,17,1999-03-01
1999,Maranhao,Abril,4,1999-04-01
1999,Maranhao,Maio,3,1999-05-01
1999,Maranhao,Junho,32,1999-06-01
1999,Maranhao,Julho,258,1999-07-01
1999,Maranhao,Agosto,895,1999-08-01
1999,Maranhao,Setembro,1739,1999-09-01
1999,Maranhao,Outubro,3208,1999-10-01
1999,Maranhao,Novembro,1494,1999-11-01
1999,Maranhao,Dezembro,1001,1999-12-01
1999,Paraiba,Janeiro,26,1999-01-01
1999,Paraiba,Fevereiro,2,1999-02-01
1999,Paraiba,Mar�o,1,1999-03-01
1999,Paraiba,Abril,3,1999-04-01
1999,Paraiba,Maio,0,1999-05-01
1999,Paraiba,Junho,1,1999-06-01
1999,Paraiba,Julho,1,1999-07-01
1999,Paraiba,Agosto,4,1999-08-01
1999,Paraiba,Setembro,14,1999-09-01
1999,Paraiba,Outubro,48,1999-10-01
1999,Paraiba,Novembro,38,1999-11-01
1999,Paraiba,Dezembro,40,1999-12-01
1999,Pernambuco,Janeiro,102,1999-01-01
1999,Pernambuco,Fevereiro,13,1999-02-01
1999,Pernambuco,Mar�o,27,1999-03-01
1999,Pernambuco,Abril,2,1999-04-01
1999,Pernambuco,Maio,6,1999-05-01
1999,Pernambuco,Junho,7,1999-06-01
1999,Pernambuco,Julho,2,1999-07-01
1999,Pernambuco,Agosto,3,1999-08-01
1999,Pernambuco,Setembro,64,1999-09-01
1999,Pernambuco,Outubro,180,1999-10-01
1999,Pernambuco,Novembro,41,1999-11-01
1999,Pernambuco,Dezembro,16,1999-12-01
1999,Piaui,Janeiro,21,1999-01-01
1999,Piaui,Fevereiro,22,1999-02-01
1999,Piaui,Mar�o,4,1999-03-01
1999,Piaui,Abril,10,1999-04-01
1999,Piaui,Maio,8,1999-05-01
1999,Piaui,Junho,47,1999-06-01
1999,Piaui,Julho,123,1999-07-01
1999,Piaui,Agosto,499,1999-08-01
1999,Piaui,Setembro,872,1999-09-01
1999,Piaui,Outubro,1438,1999-10-01
1999,Piaui,Novembro,334,1999-11-01
1999,Piaui,Dezembro,74,1999-12-01
1999,Sergipe,Janeiro,36,1999-01-01
1999,Sergipe,Fevereiro,25,1999-02-01
1999,Sergipe,Mar�o,18,1999-03-01
1999,Sergipe,Abril,6,1999-04-01
1999,Sergipe,Maio,0,1999-05-01
1999,Sergipe,Junho,0,1999-06-01
1999,Sergipe,Julho,0,1999-07-01
1999,Sergipe,Agosto,0,1999-08-01
1999,Sergipe,Setembro,0,1999-09-01
1999,Sergipe,Outubro,0,1999-10-01
1999,Sergipe,Novembro,3,1999-11-01
1999,Sergipe,Dezembro,5,1999-12-01
2000,Alagoas,Janeiro,11,2000-01-01
2000,Alagoas,Fevereiro,16,2000-02-01
2000,Alagoas,Mar�o,32,2000-03-01
2000,Alagoas,Abril,20,2000-04-01
2000,Alagoas,Maio,1,2000-05-01
2000,Alagoas,Junho,0,2000-06-01
2000,Alagoas,Julho,0,2000-07-01
2000,Alagoas,Agosto,4,2000-08-01
2000,Alagoas,Setembro,22,2000-09-01
2000,Alagoas,Outubro,13,2000-10-01
2000,Alagoas,Novembro,2,2000-11-01
2000,Alagoas,Dezembro,2,2000-12-01
2000,Bahia,Janeiro,31,2000-01-01
2000,Bahia,Fevereiro,32,2000-02-01
2000,Bahia,Mar�o,65,2000-03-01
2000,Bahia,Abril,23,2000-04-01
2000,Bahia,Maio,71,2000-05-01
2000,Bahia,Junho,178,2000-06-01
2000,Bahia,Julho,202,2000-07-01
2000,Bahia,Agosto,633,2000-08-01
2000,Bahia,Setembro,2285,2000-09-01
2000,Bahia,Outubro,3.35,2000-10-01
2000,Bahia,Novembro,114,2000-11-01
2000,Bahia,Dezembro,24,2000-12-01
2000,Ceara,Janeiro,1,2000-01-01
2000,Ceara,Fevereiro,6,2000-02-01
2000,Ceara,Mar�o,9,2000-03-01
2000,Ceara,Abril,15,2000-04-01
2000,Ceara,Maio,7,2000-05-01
2000,Ceara,Junho,16,2000-06-01
2000,Ceara,Julho,18,2000-07-01
2000,Ceara,Agosto,79,2000-08-01
2000,Ceara,Setembro,127,2000-09-01
2000,Ceara,Outubro,875,2000-10-01
2000,Ceara,Novembro,669,2000-11-01
2000,Ceara,Dezembro,389,2000-12-01
2000,Maranhao,Janeiro,19,2000-01-01
2000,Maranhao,Fevereiro,11,2000-02-01
2000,Maranhao,Mar�o,6,2000-03-01
2000,Maranhao,Abril,6,2000-04-01
2000,Maranhao,Maio,28,2000-05-01
2000,Maranhao,Junho,94,2000-06-01
2000,Maranhao,Julho,233,2000-07-01
2000,Maranhao,Agosto,839,2000-08-01
2000,Maranhao,Setembro,1365,2000-09-01
2000,Maranhao,Outubro,2654,2000-10-01
2000,Maranhao,Novembro,2267,2000-11-01
2000,Maranhao,Dezembro,1461,2000-12-01
2000,Paraiba,Janeiro,0,2000-01-01
2000,Paraiba,Fevereiro,11,2000-02-01
2000,Paraiba,Mar�o,5,2000-03-01
2000,Paraiba,Abril,1,2000-04-01
2000,Paraiba,Maio,0,2000-05-01
2000,Paraiba,Junho,2,2000-06-01
2000,Paraiba,Julho,0,2000-07-01
2000,Paraiba,Agosto,7,2000-08-01
2000,Paraiba,Setembro,9,2000-09-01
2000,Paraiba,Outubro,125,2000-10-01
2000,Paraiba,Novembro,65,2000-11-01
2000,Paraiba,Dezembro,34,2000-12-01
2000,Pernambuco,Janeiro,3,2000-01-01
2000,Pernambuco,Fevereiro,4,2000-02-01
2000,Pernambuco,Mar�o,14,2000-03-01
2000,Pernambuco,Abril,1,2000-04-01
2000,Pernambuco,Maio,7,2000-05-01
2000,Pernambuco,Junho,4,2000-06-01
2000,Pernambuco,Julho,0,2000-07-01
2000,Pernambuco,Agosto,31,2000-08-01
2000,Pernambuco,Setembro,130,2000-09-01
2000,Pernambuco,Outubro,411,2000-10-01
2000,Pernambuco,Novembro,64,2000-11-01
2000,Pernambuco,Dezembro,22,2000-12-01
2000,Piaui,Janeiro,5,2000-01-01
2000,Piaui,Fevereiro,12,2000-02-01
2000,Piaui,Mar�o,14,2000-03-01
2000,Piaui,Abril,15,2000-04-01
2000,Piaui,Maio,25,2000-05-01
2000,Piaui,Junho,18,2000-06-01
2000,Piaui,Julho,75,2000-07-01
2000,Piaui,Agosto,415,2000-08-01
2000,Piaui,Setembro,1099,2000-09-01
2000,Piaui,Outubro,2558,2000-10-01
2000,Piaui,Novembro,450,2000-11-01
2000,Piaui,Dezembro,79,2000-12-01
2000,Sergipe,Janeiro,1,2000-01-01
2000,Sergipe,Fevereiro,6,2000-02-01
2000,Sergipe,Mar�o,6,2000-03-01
2000,Sergipe,Abril,1,2000-04-01
2000,Sergipe,Maio,0,2000-05-01
2000,Sergipe,Junho,0,2000-06-01
2000,Sergipe,Julho,0,2000-07-01
2000,Sergipe,Agosto,0,2000-08-01
2000,Sergipe,Setembro,0,2000-09-01
2000,Sergipe,Outubro,3,2000-10-01
2000,Sergipe,Novembro,0,2000-11-01
2000,Sergipe,Dezembro,0,2000-12-01
2001,Alagoas,Janeiro,5,2001-01-01
2001,Alagoas,Fevereiro,4,2001-02-01
2001,Alagoas,Mar�o,0,2001-03-01
2001,Alagoas,Abril,0,2001-04-01
2001,Alagoas,Maio,2,2001-05-01
2001,Alagoas,Junho,2,2001-06-01
2001,Alagoas,Julho,0,2001-07-01
2001,Alagoas,Agosto,1,2001-08-01
2001,Alagoas,Setembro,5,2001-09-01
2001,Alagoas,Outubro,15,2001-10-01
2001,Alagoas,Novembro,22,2001-11-01
2001,Alagoas,Dezembro,30,2001-12-01
2001,Bahia,Janeiro,24,2001-01-01
2001,Bahia,Fevereiro,101,2001-02-01
2001,Bahia,Mar�o,4,2001-03-01
2001,Bahia,Abril,26,2001-04-01
2001,Bahia,Maio,85,2001-05-01
2001,Bahia,Junho,98,2001-06-01
2001,Bahia,Julho,248,2001-07-01
2001,Bahia,Agosto,979,2001-08-01
2001,Bahia,Setembro,3964,2001-09-01
2001,Bahia,Outubro,1687,2001-10-01
2001,Bahia,Novembro,699,2001-11-01
2001,Bahia,Dezembro,158,2001-12-01
2001,Ceara,Janeiro,11,2001-01-01
2001,Ceara,Fevereiro,0,2001-02-01
2001,Ceara,Mar�o,0,2001-03-01
2001,Ceara,Abril,2,2001-04-01
2001,Ceara,Maio,81,2001-05-01
2001,Ceara,Junho,38,2001-06-01
2001,Ceara,Julho,146,2001-07-01
2001,Ceara,Agosto,219,2001-08-01
2001,Ceara,Setembro,801,2001-09-01
2001,Ceara,Outubro,2045,2001-10-01
2001,Ceara,Novembro,2456,2001-11-01
2001,Ceara,Dezembro,545,2001-12-01
2001,Maranhao,Janeiro,29,2001-01-01
2001,Maranhao,Fevereiro,1,2001-02-01
2001,Maranhao,Mar�o,0,2001-03-01
2001,Maranhao,Abril,2,2001-04-01
2001,Maranhao,Maio,21,2001-05-01
2001,Maranhao,Junho,100,2001-06-01
2001,Maranhao,Julho,549,2001-07-01
2001,Maranhao,Agosto,2037,2001-08-01
2001,Maranhao,Setembro,4618,2001-09-01
2001,Maranhao,Outubro,6661,2001-10-01
2001,Maranhao,Novembro,3525,2001-11-01
2001,Maranhao,Dezembro,1296,2001-12-01
2001,Paraiba,Janeiro,11,2001-01-01
2001,Paraiba,Fevereiro,6,2001-02-01
2001,Paraiba,Mar�o,0,2001-03-01
2001,Paraiba,Abril,0,2001-04-01
2001,Paraiba,Maio,4,2001-05-01
2001,Paraiba,Junho,0,2001-06-01
2001,Paraiba,Julho,8,2001-07-01
2001,Paraiba,Agosto,34,2001-08-01
2001,Paraiba,Setembro,98,2001-09-01
2001,Paraiba,Outubro,279,2001-10-01
2001,Paraiba,Novembro,294,2001-11-01
2001,Paraiba,Dezembro,70,2001-12-01
2001,Pernambuco,Janeiro,7,2001-01-01
2001,Pernambuco,Fevereiro,2,2001-02-01
2001,Pernambuco,Mar�o,0,2001-03-01
2001,Pernambuco,Abril,2,2001-04-01
2001,Pernambuco,Maio,5,2001-05-01
2001,Pernambuco,Junho,2,2001-06-01
2001,Pernambuco,Julho,6,2001-07-01
2001,Pernambuco,Agosto,27,2001-08-01
2001,Pernambuco,Setembro,298,2001-09-01
2001,Pernambuco,Outubro,461,2001-10-01
2001,Pernambuco,Novembro,208,2001-11-01
2001,Pernambuco,Dezembro,62,2001-12-01
2001,Piaui,Janeiro,29,2001-01-01
2001,Piaui,Fevereiro,0,2001-02-01
2001,Piaui,Mar�o,2,2001-03-01
2001,Piaui,Abril,1,2001-04-01
2001,Piaui,Maio,36,2001-05-01
2001,Piaui,Junho,87,2001-06-01
2001,Piaui,Julho,337,2001-07-01
2001,Piaui,Agosto,1133,2001-08-01
2001,Piaui,Setembro,2401,2001-09-01
2001,Piaui,Outubro,3742,2001-10-01
2001,Piaui,Novembro,1484,2001-11-01
2001,Piaui,Dezembro,230,2001-12-01
2001,Sergipe,Janeiro,2,2001-01-01
2001,Sergipe,Fevereiro,2,2001-02-01
2001,Sergipe,Mar�o,1,2001-03-01
2001,Sergipe,Abril,0,2001-04-01
2001,Sergipe,Maio,3,2001-05-01
2001,Sergipe,Junho,0,2001-06-01
2001,Sergipe,Julho,0,2001-07-01
2001,Sergipe,Agosto,0,2001-08-01
2001,Sergipe,Setembro,1,2001-09-01
2001,Sergipe,Outubro,5,2001-10-01
2001,Sergipe,Novembro,5,2001-11-01
2001,Sergipe,Dezembro,5,2001-12-01
2002,Alagoas,Janeiro,12,2002-01-01
2002,Alagoas,Fevereiro,15,2002-02-01
2002,Alagoas,Mar�o,27,2002-03-01
2002,Alagoas,Abril,6,2002-04-01
2002,Alagoas,Maio,1,2002-05-01
2002,Alagoas,Junho,0,2002-06-01
2002,Alagoas,Julho,5,2002-07-01
2002,Alagoas,Agosto,3,2002-08-01
2002,Alagoas,Setembro,14,2002-09-01
2002,Alagoas,Outubro,30,2002-10-01
2002,Alagoas,Novembro,50,2002-11-01
2002,Alagoas,Dezembro,95,2002-12-01
2002,Bahia,Janeiro,125,2002-01-01
2002,Bahia,Fevereiro,204,2002-02-01
2002,Bahia,Mar�o,146,2002-03-01
2002,Bahia,Abril,110,2002-04-01
2002,Bahia,Maio,166,2002-05-01
2002,Bahia,Junho,118,2002-06-01
2002,Bahia,Julho,549,2002-07-01
2002,Bahia,Agosto,1827,2002-08-01
2002,Bahia,Setembro,6439,2002-09-01
2002,Bahia,Outubro,5414,2002-10-01
2002,Bahia,Novembro,1.02,2002-11-01
2002,Bahia,Dezembro,848,2002-12-01
2002,Ceara,Janeiro,33,2002-01-01
2002,Ceara,Fevereiro,75,2002-02-01
2002,Ceara,Mar�o,17,2002-03-01
2002,Ceara,Abril,5,2002-04-01
2002,Ceara,Maio,10,2002-05-01
2002,Ceara,Junho,13,2002-06-01
2002,Ceara,Julho,12,2002-07-01
2002,Ceara,Agosto,111,2002-08-01
2002,Ceara,Setembro,172,2002-09-01
2002,Ceara,Outubro,1606,2002-10-01
2002,Ceara,Novembro,2715,2002-11-01
2002,Ceara,Dezembro,1787,2002-12-01
2002,Maranhao,Janeiro,48,2002-01-01
2002,Maranhao,Fevereiro,116,2002-02-01
2002,Maranhao,Mar�o,16,2002-03-01
2002,Maranhao,Abril,28,2002-04-01
2002,Maranhao,Maio,71,2002-05-01
2002,Maranhao,Junho,230,2002-06-01
2002,Maranhao,Julho,1271,2002-07-01
2002,Maranhao,Agosto,3481,2002-08-01
2002,Maranhao,Setembro,3181,2002-09-01
2002,Maranhao,Outubro,5182,2002-10-01
2002,Maranhao,Novembro,5.83,2002-11-01
2002,Maranhao,Dezembro,2165,2002-12-01
2002,Paraiba,Janeiro,5,2002-01-01
2002,Paraiba,Fevereiro,18,2002-02-01
2002,Paraiba,Mar�o,3,2002-03-01
2002,Paraiba,Abril,1,2002-04-01
2002,Paraiba,Maio,1,2002-05-01
2002,Paraiba,Junho,1,2002-06-01
2002,Paraiba,Julho,8,2002-07-01
2002,Paraiba,Agosto,38,2002-08-01
2002,Paraiba,Setembro,63,2002-09-01
2002,Paraiba,Outubro,193,2002-10-01
2002,Paraiba,Novembro,238,2002-11-01
2002,Paraiba,Dezembro,163,2002-12-01
2002,Pernambuco,Janeiro,10,2002-01-01
2002,Pernambuco,Fevereiro,19,2002-02-01
2002,Pernambuco,Mar�o,24,2002-03-01
2002,Pernambuco,Abril,5,2002-04-01
2002,Pernambuco,Maio,13,2002-05-01
2002,Pernambuco,Junho,1,2002-06-01
2002,Pernambuco,Julho,8,2002-07-01
2002,Pernambuco,Agosto,37,2002-08-01
2002,Pernambuco,Setembro,374,2002-09-01
2002,Pernambuco,Outubro,638,2002-10-01
2002,Pernambuco,Novembro,521,2002-11-01
2002,Pernambuco,Dezembro,259,2002-12-01
2002,Piaui,Janeiro,33,2002-01-01
2002,Piaui,Fevereiro,160,2002-02-01
2002,Piaui,Mar�o,63,2002-03-01
2002,Piaui,Abril,87,2002-04-01
2002,Piaui,Maio,84,2002-05-01
2002,Piaui,Junho,161,2002-06-01
2002,Piaui,Julho,534,2002-07-01
2002,Piaui,Agosto,2.28,2002-08-01
2002,Piaui,Setembro,2475,2002-09-01
2002,Piaui,Outubro,2757,2002-10-01
2002,Piaui,Novembro,1174,2002-11-01
2002,Piaui,Dezembro,373,2002-12-01
2002,Sergipe,Janeiro,1,2002-01-01
2002,Sergipe,Fevereiro,6,2002-02-01
2002,Sergipe,Mar�o,7,2002-03-01
2002,Sergipe,Abril,12,2002-04-01
2002,Sergipe,Maio,0,2002-05-01
2002,Sergipe,Junho,0,2002-06-01
2002,Sergipe,Julho,0,2002-07-01
2002,Sergipe,Agosto,2,2002-08-01
2002,Sergipe,Setembro,0,2002-09-01
2002,Sergipe,Outubro,20,2002-10-01
2002,Sergipe,Novembro,57,2002-11-01
2002,Sergipe,Dezembro,103,2002-12-01
2003,Alagoas,Janeiro,150,2003-01-01
2003,Alagoas,Fevereiro,33,2003-02-01
2003,Alagoas,Mar�o,15,2003-03-01
2003,Alagoas,Abril,20,2003-04-01
2003,Alagoas,Maio,1,2003-05-01
2003,Alagoas,Junho,0,2003-06-01
2003,Alagoas,Julho,0,2003-07-01
2003,Alagoas,Agosto,2,2003-08-01
2003,Alagoas,Setembro,8,2003-09-01
2003,Alagoas,Outubro,10,2003-10-01
2003,Alagoas,Novembro,17,2003-11-01
2003,Alagoas,Dezembro,43,2003-12-01
2003,Bahia,Janeiro,439,2003-01-01
2003,Bahia,Fevereiro,223,2003-02-01
2003,Bahia,Mar�o,274,2003-03-01
2003,Bahia,Abril,376,2003-04-01
2003,Bahia,Maio,106,2003-05-01
2003,Bahia,Junho,140,2003-06-01
2003,Bahia,Julho,261,2003-07-01
2003,Bahia,Agosto,1039,2003-08-01
2003,Bahia,Setembro,8847,2003-09-01
2003,Bahia,Outubro,4264,2003-10-01
2003,Bahia,Novembro,533,2003-11-01
2003,Bahia,Dezembro,710,2003-12-01
2003,Ceara,Janeiro,264,2003-01-01
2003,Ceara,Fevereiro,9,2003-02-01
2003,Ceara,Mar�o,3,2003-03-01
2003,Ceara,Abril,3,2003-04-01
2003,Ceara,Maio,0,2003-05-01
2003,Ceara,Junho,2,2003-06-01
2003,Ceara,Julho,14,2003-07-01
2003,Ceara,Agosto,109,2003-08-01
2003,Ceara,Setembro,384,2003-09-01
2003,Ceara,Outubro,1761,2003-10-01
2003,Ceara,Novembro,3327,2003-11-01
2003,Ceara,Dezembro,2436,2003-12-01
2003,Maranhao,Janeiro,436,2003-01-01
2003,Maranhao,Fevereiro,11,2003-02-01
2003,Maranhao,Mar�o,16,2003-03-01
2003,Maranhao,Abril,79,2003-04-01
2003,Maranhao,Maio,60,2003-05-01
2003,Maranhao,Junho,338,2003-06-01
2003,Maranhao,Julho,1103,2003-07-01
2003,Maranhao,Agosto,2023,2003-08-01
2003,Maranhao,Setembro,5878,2003-09-01
2003,Maranhao,Outubro,6085,2003-10-01
2003,Maranhao,Novembro,4929,2003-11-01
2003,Maranhao,Dezembro,2424,2003-12-01
2003,Paraiba,Janeiro,70,2003-01-01
2003,Paraiba,Fevereiro,3,2003-02-01
2003,Paraiba,Mar�o,0,2003-03-01
2003,Paraiba,Abril,0,2003-04-01
2003,Paraiba,Maio,0,2003-05-01
2003,Paraiba,Junho,0,2003-06-01
2003,Paraiba,Julho,6,2003-07-01
2003,Paraiba,Agosto,14,2003-08-01
2003,Paraiba,Setembro,81,2003-09-01
2003,Paraiba,Outubro,381,2003-10-01
2003,Paraiba,Novembro,538,2003-11-01
2003,Paraiba,Dezembro,288,2003-12-01
2003,Pernambuco,Janeiro,188,2003-01-01
2003,Pernambuco,Fevereiro,35,2003-02-01
2003,Pernambuco,Mar�o,9,2003-03-01
2003,Pernambuco,Abril,7,2003-04-01
2003,Pernambuco,Maio,1,2003-05-01
2003,Pernambuco,Junho,2,2003-06-01
2003,Pernambuco,Julho,5,2003-07-01
2003,Pernambuco,Agosto,26,2003-08-01
2003,Pernambuco,Setembro,510,2003-09-01
2003,Pernambuco,Outubro,859,2003-10-01
2003,Pernambuco,Novembro,560,2003-11-01
2003,Pernambuco,Dezembro,229,2003-12-01
2003,Piaui,Janeiro,86,2003-01-01
2003,Piaui,Fevereiro,3,2003-02-01
2003,Piaui,Mar�o,15,2003-03-01
2003,Piaui,Abril,22,2003-04-01
2003,Piaui,Maio,13,2003-05-01
2003,Piaui,Junho,88,2003-06-01
2003,Piaui,Julho,407,2003-07-01
2003,Piaui,Agosto,864,2003-08-01
2003,Piaui,Setembro,3399,2003-09-01
2003,Piaui,Outubro,2332,2003-10-01
2003,Piaui,Novembro,1248,2003-11-01
2003,Piaui,Dezembro,459,2003-12-01
2003,Sergipe,Janeiro,198,2003-01-01
2003,Sergipe,Fevereiro,50,2003-02-01
2003,Sergipe,Mar�o,62,2003-03-01
2003,Sergipe,Abril,48,2003-04-01
2003,Sergipe,Maio,2,2003-05-01
2003,Sergipe,Junho,0,2003-06-01
2003,Sergipe,Julho,0,2003-07-01
2003,Sergipe,Agosto,0,2003-08-01
2003,Sergipe,Setembro,3,2003-09-01
2003,Sergipe,Outubro,2,2003-10-01
2003,Sergipe,Novembro,2,2003-11-01
2003,Sergipe,Dezembro,36,2003-12-01
2004,Alagoas,Janeiro,9,2004-01-01
2004,Alagoas,Fevereiro,7,2004-02-01
2004,Alagoas,Mar�o,16,2004-03-01
2004,Alagoas,Abril,6,2004-04-01
2004,Alagoas,Maio,3,2004-05-01
2004,Alagoas,Junho,0,2004-06-01
2004,Alagoas,Julho,0,2004-07-01
2004,Alagoas,Agosto,2,2004-08-01
2004,Alagoas,Setembro,5,2004-09-01
2004,Alagoas,Outubro,12,2004-10-01
2004,Alagoas,Novembro,28,2004-11-01
2004,Alagoas,Dezembro,71,2004-12-01
2004,Bahia,Janeiro,158,2004-01-01
2004,Bahia,Fevereiro,122,2004-02-01
2004,Bahia,Mar�o,115,2004-03-01
2004,Bahia,Abril,89,2004-04-01
2004,Bahia,Maio,124,2004-05-01
2004,Bahia,Junho,289,2004-06-01
2004,Bahia,Julho,310,2004-07-01
2004,Bahia,Agosto,1.43,2004-08-01
2004,Bahia,Setembro,6433,2004-09-01
2004,Bahia,Outubro,4.81,2004-10-01
2004,Bahia,Novembro,1736,2004-11-01
2004,Bahia,Dezembro,423,2004-12-01
2004,Ceara,Janeiro,143,2004-01-01
2004,Ceara,Fevereiro,5,2004-02-01
2004,Ceara,Mar�o,1,2004-03-01
2004,Ceara,Abril,2,2004-04-01
2004,Ceara,Maio,3,2004-05-01
2004,Ceara,Junho,1,2004-06-01
2004,Ceara,Julho,16,2004-07-01
2004,Ceara,Agosto,61,2004-08-01
2004,Ceara,Setembro,144,2004-09-01
2004,Ceara,Outubro,1217,2004-10-01
2004,Ceara,Novembro,2.9,2004-11-01
2004,Ceara,Dezembro,3158,2004-12-01
2004,Maranhao,Janeiro,241,2004-01-01
2004,Maranhao,Fevereiro,22,2004-02-01
2004,Maranhao,Mar�o,18,2004-03-01
2004,Maranhao,Abril,44,2004-04-01
2004,Maranhao,Maio,145,2004-05-01
2004,Maranhao,Junho,706,2004-06-01
2004,Maranhao,Julho,1366,2004-07-01
2004,Maranhao,Agosto,1889,2004-08-01
2004,Maranhao,Setembro,4673,2004-09-01
2004,Maranhao,Outubro,3604,2004-10-01
2004,Maranhao,Novembro,6398,2004-11-01
2004,Maranhao,Dezembro,3255,2004-12-01
2004,Paraiba,Janeiro,33,2004-01-01
2004,Paraiba,Fevereiro,3,2004-02-01
2004,Paraiba,Mar�o,3,2004-03-01
2004,Paraiba,Abril,3,2004-04-01
2004,Paraiba,Maio,1,2004-05-01
2004,Paraiba,Junho,0,2004-06-01
2004,Paraiba,Julho,1,2004-07-01
2004,Paraiba,Agosto,18,2004-08-01
2004,Paraiba,Setembro,34,2004-09-01
2004,Paraiba,Outubro,190,2004-10-01
2004,Paraiba,Novembro,331,2004-11-01
2004,Paraiba,Dezembro,351,2004-12-01
2004,Pernambuco,Janeiro,29,2004-01-01
2004,Pernambuco,Fevereiro,8,2004-02-01
2004,Pernambuco,Mar�o,6,2004-03-01
2004,Pernambuco,Abril,5,2004-04-01
2004,Pernambuco,Maio,2,2004-05-01
2004,Pernambuco,Junho,4,2004-06-01
2004,Pernambuco,Julho,13,2004-07-01
2004,Pernambuco,Agosto,41,2004-08-01
2004,Pernambuco,Setembro,192,2004-09-01
2004,Pernambuco,Outubro,545,2004-10-01
2004,Pernambuco,Novembro,465,2004-11-01
2004,Pernambuco,Dezembro,373,2004-12-01
2004,Piaui,Janeiro,42,2004-01-01
2004,Piaui,Fevereiro,20,2004-02-01
2004,Piaui,Mar�o,27,2004-03-01
2004,Piaui,Abril,10,2004-04-01
2004,Piaui,Maio,80,2004-05-01
2004,Piaui,Junho,239,2004-06-01
2004,Piaui,Julho,564,2004-07-01
2004,Piaui,Agosto,1002,2004-08-01
2004,Piaui,Setembro,2662,2004-09-01
2004,Piaui,Outubro,2144,2004-10-01
2004,Piaui,Novembro,1798,2004-11-01
2004,Piaui,Dezembro,788,2004-12-01
2004,Sergipe,Janeiro,16,2004-01-01
2004,Sergipe,Fevereiro,10,2004-02-01
2004,Sergipe,Mar�o,36,2004-03-01
2004,Sergipe,Abril,13,2004-04-01
2004,Sergipe,Maio,5,2004-05-01
2004,Sergipe,Junho,0,2004-06-01
2004,Sergipe,Julho,0,2004-07-01
2004,Sergipe,Agosto,0,2004-08-01
2004,Sergipe,Setembro,0,2004-09-01
2004,Sergipe,Outubro,3,2004-10-01
2004,Sergipe,Novembro,41,2004-11-01
2004,Sergipe,Dezembro,66,2004-12-01
2005,Alagoas,Janeiro,83,2005-01-01
2005,Alagoas,Fevereiro,31,2005-02-01
2005,Alagoas,Mar�o,35,2005-03-01
2005,Alagoas,Abril,1,2005-04-01
2005,Alagoas,Maio,0,2005-05-01
2005,Alagoas,Junho,0,2005-06-01
2005,Alagoas,Julho,0,2005-07-01
2005,Alagoas,Agosto,2,2005-08-01
2005,Alagoas,Setembro,7,2005-09-01
2005,Alagoas,Outubro,17,2005-10-01
2005,Alagoas,Novembro,25,2005-11-01
2005,Alagoas,Dezembro,16,2005-12-01
2005,Bahia,Janeiro,303,2005-01-01
2005,Bahia,Fevereiro,143,2005-02-01
2005,Bahia,Mar�o,158,2005-03-01
2005,Bahia,Abril,76,2005-04-01
2005,Bahia,Maio,120,2005-05-01
2005,Bahia,Junho,211,2005-06-01
2005,Bahia,Julho,269,2005-07-01
2005,Bahia,Agosto,948,2005-08-01
2005,Bahia,Setembro,4066,2005-09-01
2005,Bahia,Outubro,8405,2005-10-01
2005,Bahia,Novembro,1595,2005-11-01
2005,Bahia,Dezembro,116,2005-12-01
2005,Ceara,Janeiro,384,2005-01-01
2005,Ceara,Fevereiro,25,2005-02-01
2005,Ceara,Mar�o,5,2005-03-01
2005,Ceara,Abril,4,2005-04-01
2005,Ceara,Maio,1,2005-05-01
2005,Ceara,Junho,6,2005-06-01
2005,Ceara,Julho,14,2005-07-01
2005,Ceara,Agosto,51,2005-08-01
2005,Ceara,Setembro,185,2005-09-01
2005,Ceara,Outubro,1378,2005-10-01
2005,Ceara,Novembro,2483,2005-11-01
2005,Ceara,Dezembro,1.36,2005-12-01
2005,Maranhao,Janeiro,450,2005-01-01
2005,Maranhao,Fevereiro,56,2005-02-01
2005,Maranhao,Mar�o,9,2005-03-01
2005,Maranhao,Abril,43,2005-04-01
2005,Maranhao,Maio,74,2005-05-01
2005,Maranhao,Junho,529,2005-06-01
2005,Maranhao,Julho,1152,2005-07-01
2005,Maranhao,Agosto,2239,2005-08-01
2005,Maranhao,Setembro,6292,2005-09-01
2005,Maranhao,Outubro,6472,2005-10-01
2005,Maranhao,Novembro,4769,2005-11-01
2005,Maranhao,Dezembro,1.66,2005-12-01
2005,Paraiba,Janeiro,178,2005-01-01
2005,Paraiba,Fevereiro,15,2005-02-01
2005,Paraiba,Mar�o,13,2005-03-01
2005,Paraiba,Abril,2,2005-04-01
2005,Paraiba,Maio,0,2005-05-01
2005,Paraiba,Junho,0,2005-06-01
2005,Paraiba,Julho,0,2005-07-01
2005,Paraiba,Agosto,0,2005-08-01
2005,Paraiba,Setembro,13,2005-09-01
2005,Paraiba,Outubro,155,2005-10-01
2005,Paraiba,Novembro,280,2005-11-01
2005,Paraiba,Dezembro,159,2005-12-01
2005,Pernambuco,Janeiro,221,2005-01-01
2005,Pernambuco,Fevereiro,33,2005-02-01
2005,Pernambuco,Mar�o,45,2005-03-01
2005,Pernambuco,Abril,1,2005-04-01
2005,Pernambuco,Maio,1,2005-05-01
2005,Pernambuco,Junho,3,2005-06-01
2005,Pernambuco,Julho,1,2005-07-01
2005,Pernambuco,Agosto,10,2005-08-01
2005,Pernambuco,Setembro,154,2005-09-01
2005,Pernambuco,Outubro,408,2005-10-01
2005,Pernambuco,Novembro,452,2005-11-01
2005,Pernambuco,Dezembro,191,2005-12-01
2005,Piaui,Janeiro,94,2005-01-01
2005,Piaui,Fevereiro,26,2005-02-01
2005,Piaui,Mar�o,13,2005-03-01
2005,Piaui,Abril,3,2005-04-01
2005,Piaui,Maio,22,2005-05-01
2005,Piaui,Junho,171,2005-06-01
2005,Piaui,Julho,445,2005-07-01
2005,Piaui,Agosto,943,2005-08-01
2005,Piaui,Setembro,3136,2005-09-01
2005,Piaui,Outubro,3263,2005-10-01
2005,Piaui,Novembro,1599,2005-11-01
2005,Piaui,Dezembro,486,2005-12-01
2005,Sergipe,Janeiro,80,2005-01-01
2005,Sergipe,Fevereiro,19,2005-02-01
2005,Sergipe,Mar�o,28,2005-03-01
2005,Sergipe,Abril,8,2005-04-01
2005,Sergipe,Maio,0,2005-05-01
2005,Sergipe,Junho,0,2005-06-01
2005,Sergipe,Julho,0,2005-07-01
2005,Sergipe,Agosto,0,2005-08-01
2005,Sergipe,Setembro,2,2005-09-01
2005,Sergipe,Outubro,11,2005-10-01
2005,Sergipe,Novembro,23,2005-11-01
2005,Sergipe,Dezembro,29,2005-12-01
2006,Alagoas,Janeiro,29,2006-01-01
2006,Alagoas,Fevereiro,14,2006-02-01
2006,Alagoas,Mar�o,37,2006-03-01
2006,Alagoas,Abril,2,2006-04-01
2006,Alagoas,Maio,0,2006-05-01
2006,Alagoas,Junho,0,2006-06-01
2006,Alagoas,Julho,0,2006-07-01
2006,Alagoas,Agosto,1,2006-08-01
2006,Alagoas,Setembro,4,2006-09-01
2006,Alagoas,Outubro,32,2006-10-01
2006,Alagoas,Novembro,12,2006-11-01
2006,Alagoas,Dezembro,30,2006-12-01
2006,Bahia,Janeiro,225,2006-01-01
2006,Bahia,Fevereiro,277,2006-02-01
2006,Bahia,Mar�o,199,2006-03-01
2006,Bahia,Abril,60,2006-04-01
2006,Bahia,Maio,43,2006-05-01
2006,Bahia,Junho,68,2006-06-01
2006,Bahia,Julho,229,2006-07-01
2006,Bahia,Agosto,995,2006-08-01
2006,Bahia,Setembro,3006,2006-09-01
2006,Bahia,Outubro,2079,2006-10-01
2006,Bahia,Novembro,239,2006-11-01
2006,Bahia,Dezembro,169,2006-12-01
2006,Ceara,Janeiro,211,2006-01-01
2006,Ceara,Fevereiro,23,2006-02-01
2006,Ceara,Mar�o,3,2006-03-01
2006,Ceara,Abril,1,2006-04-01
2006,Ceara,Maio,0,2006-05-01
2006,Ceara,Junho,0,2006-06-01
2006,Ceara,Julho,1,2006-07-01
2006,Ceara,Agosto,50,2006-08-01
2006,Ceara,Setembro,237,2006-09-01
2006,Ceara,Outubro,581,2006-10-01
2006,Ceara,Novembro,1012,2006-11-01
2006,Ceara,Dezembro,1161,2006-12-01
2006,Maranhao,Janeiro,221,2006-01-01
2006,Maranhao,Fevereiro,22,2006-02-01
2006,Maranhao,Mar�o,14,2006-03-01
2006,Maranhao,Abril,9,2006-04-01
2006,Maranhao,Maio,5,2006-05-01
2006,Maranhao,Junho,131,2006-06-01
2006,Maranhao,Julho,512,2006-07-01
2006,Maranhao,Agosto,1382,2006-08-01
2006,Maranhao,Setembro,2907,2006-09-01
2006,Maranhao,Outubro,3024,2006-10-01
2006,Maranhao,Novembro,2004,2006-11-01
2006,Maranhao,Dezembro,1052,2006-12-01
2006,Paraiba,Janeiro,83,2006-01-01
2006,Paraiba,Fevereiro,7,2006-02-01
2006,Paraiba,Mar�o,4,2006-03-01
2006,Paraiba,Abril,0,2006-04-01
2006,Paraiba,Maio,0,2006-05-01
2006,Paraiba,Junho,0,2006-06-01
2006,Paraiba,Julho,1,2006-07-01
2006,Paraiba,Agosto,3,2006-08-01
2006,Paraiba,Setembro,27,2006-09-01
2006,Paraiba,Outubro,135,2006-10-01
2006,Paraiba,Novembro,215,2006-11-01
2006,Paraiba,Dezembro,196,2006-12-01
2006,Pernambuco,Janeiro,148,2006-01-01
2006,Pernambuco,Fevereiro,41,2006-02-01
2006,Pernambuco,Mar�o,18,2006-03-01
2006,Pernambuco,Abril,2,2006-04-01
2006,Pernambuco,Maio,1,2006-05-01
2006,Pernambuco,Junho,0,2006-06-01
2006,Pernambuco,Julho,1,2006-07-01
2006,Pernambuco,Agosto,8,2006-08-01
2006,Pernambuco,Setembro,147,2006-09-01
2006,Pernambuco,Outubro,310,2006-10-01
2006,Pernambuco,Novembro,385,2006-11-01
2006,Pernambuco,Dezembro,207,2006-12-01
2006,Piaui,Janeiro,133,2006-01-01
2006,Piaui,Fevereiro,23,2006-02-01
2006,Piaui,Mar�o,18,2006-03-01
2006,Piaui,Abril,1,2006-04-01
2006,Piaui,Maio,0,2006-05-01
2006,Piaui,Junho,40,2006-06-01
2006,Piaui,Julho,150,2006-07-01
2006,Piaui,Agosto,911,2006-08-01
2006,Piaui,Setembro,1618,2006-09-01
2006,Piaui,Outubro,1443,2006-10-01
2006,Piaui,Novembro,740,2006-11-01
2006,Piaui,Dezembro,339,2006-12-01
2006,Sergipe,Janeiro,36,2006-01-01
2006,Sergipe,Fevereiro,36,2006-02-01
2006,Sergipe,Mar�o,41,2006-03-01
2006,Sergipe,Abril,9,2006-04-01
2006,Sergipe,Maio,0,2006-05-01
2006,Sergipe,Junho,0,2006-06-01
2006,Sergipe,Julho,0,2006-07-01
2006,Sergipe,Agosto,0,2006-08-01
2006,Sergipe,Setembro,0,2006-09-01
2006,Sergipe,Outubro,3,2006-10-01
2006,Sergipe,Novembro,5,2006-11-01
2006,Sergipe,Dezembro,17,2006-12-01
2007,Alagoas,Janeiro,33,2007-01-01
2007,Alagoas,Fevereiro,28,2007-02-01
2007,Alagoas,Mar�o,7,2007-03-01
2007,Alagoas,Abril,1,2007-04-01
2007,Alagoas,Maio,0,2007-05-01
2007,Alagoas,Junho,0,2007-06-01
2007,Alagoas,Julho,0,2007-07-01
2007,Alagoas,Agosto,3,2007-08-01
2007,Alagoas,Setembro,2,2007-09-01
2007,Alagoas,Outubro,6,2007-10-01
2007,Alagoas,Novembro,15,2007-11-01
2007,Alagoas,Dezembro,33,2007-12-01
2007,Bahia,Janeiro,373,2007-01-01
2007,Bahia,Fevereiro,113,2007-02-01
2007,Bahia,Mar�o,141,2007-03-01
2007,Bahia,Abril,64,2007-04-01
2007,Bahia,Maio,161,2007-05-01
2007,Bahia,Junho,270,2007-06-01
2007,Bahia,Julho,811,2007-07-01
2007,Bahia,Agosto,3734,2007-08-01
2007,Bahia,Setembro,7438,2007-09-01
2007,Bahia,Outubro,4981,2007-10-01
2007,Bahia,Novembro,2126,2007-11-01
2007,Bahia,Dezembro,259,2007-12-01
2007,Ceara,Janeiro,304,2007-01-01
2007,Ceara,Fevereiro,3,2007-02-01
2007,Ceara,Mar�o,2,2007-03-01
2007,Ceara,Abril,1,2007-04-01
2007,Ceara,Maio,0,2007-05-01
2007,Ceara,Junho,1,2007-06-01
2007,Ceara,Julho,11,2007-07-01
2007,Ceara,Agosto,182,2007-08-01
2007,Ceara,Setembro,241,2007-09-01
2007,Ceara,Outubro,964,2007-10-01
2007,Ceara,Novembro,1443,2007-11-01
2007,Ceara,Dezembro,1177,2007-12-01
2007,Maranhao,Janeiro,428,2007-01-01
2007,Maranhao,Fevereiro,13,2007-02-01
2007,Maranhao,Mar�o,52,2007-03-01
2007,Maranhao,Abril,5,2007-04-01
2007,Maranhao,Maio,73,2007-05-01
2007,Maranhao,Junho,515,2007-06-01
2007,Maranhao,Julho,1205,2007-07-01
2007,Maranhao,Agosto,8409,2007-08-01
2007,Maranhao,Setembro,8524,2007-09-01
2007,Maranhao,Outubro,4772,2007-10-01
2007,Maranhao,Novembro,2297,2007-11-01
2007,Maranhao,Dezembro,800,2007-12-01
2007,Paraiba,Janeiro,69,2007-01-01
2007,Paraiba,Fevereiro,7,2007-02-01
2007,Paraiba,Mar�o,1,2007-03-01
2007,Paraiba,Abril,0,2007-04-01
2007,Paraiba,Maio,0,2007-05-01
2007,Paraiba,Junho,0,2007-06-01
2007,Paraiba,Julho,1,2007-07-01
2007,Paraiba,Agosto,8,2007-08-01
2007,Paraiba,Setembro,22,2007-09-01
2007,Paraiba,Outubro,111,2007-10-01
2007,Paraiba,Novembro,256,2007-11-01
2007,Paraiba,Dezembro,133,2007-12-01
2007,Pernambuco,Janeiro,156,2007-01-01
2007,Pernambuco,Fevereiro,21,2007-02-01
2007,Pernambuco,Mar�o,4,2007-03-01
2007,Pernambuco,Abril,1,2007-04-01
2007,Pernambuco,Maio,0,2007-05-01
2007,Pernambuco,Junho,1,2007-06-01
2007,Pernambuco,Julho,3,2007-07-01
2007,Pernambuco,Agosto,20,2007-08-01
2007,Pernambuco,Setembro,164,2007-09-01
2007,Pernambuco,Outubro,702,2007-10-01
2007,Pernambuco,Novembro,359,2007-11-01
2007,Pernambuco,Dezembro,200,2007-12-01
2007,Piaui,Janeiro,123,2007-01-01
2007,Piaui,Fevereiro,11,2007-02-01
2007,Piaui,Mar�o,31,2007-03-01
2007,Piaui,Abril,9,2007-04-01
2007,Piaui,Maio,52,2007-05-01
2007,Piaui,Junho,303,2007-06-01
2007,Piaui,Julho,919,2007-07-01
2007,Piaui,Agosto,3551,2007-08-01
2007,Piaui,Setembro,4078,2007-09-01
2007,Piaui,Outubro,2331,2007-10-01
2007,Piaui,Novembro,939,2007-11-01
2007,Piaui,Dezembro,317,2007-12-01
2007,Sergipe,Janeiro,56,2007-01-01
2007,Sergipe,Fevereiro,22,2007-02-01
2007,Sergipe,Mar�o,2,2007-03-01
2007,Sergipe,Abril,1,2007-04-01
2007,Sergipe,Maio,0,2007-05-01
2007,Sergipe,Junho,0,2007-06-01
2007,Sergipe,Julho,0,2007-07-01
2007,Sergipe,Agosto,0,2007-08-01
2007,Sergipe,Setembro,0,2007-09-01
2007,Sergipe,Outubro,3,2007-10-01
2007,Sergipe,Novembro,7,2007-11-01
2007,Sergipe,Dezembro,33,2007-12-01
2008,Alagoas,Janeiro,55,2008-01-01
2008,Alagoas,Fevereiro,74,2008-02-01
2008,Alagoas,Mar�o,31,2008-03-01
2008,Alagoas,Abril,18,2008-04-01
2008,Alagoas,Maio,0,2008-05-01
2008,Alagoas,Junho,0,2008-06-01
2008,Alagoas,Julho,0,2008-07-01
2008,Alagoas,Agosto,1,2008-08-01
2008,Alagoas,Setembro,9,2008-09-01
2008,Alagoas,Outubro,18,2008-10-01
2008,Alagoas,Novembro,37,2008-11-01
2008,Alagoas,Dezembro,34,2008-12-01
2008,Bahia,Janeiro,314,2008-01-01
2008,Bahia,Fevereiro,235,2008-02-01
2008,Bahia,Mar�o,135,2008-03-01
2008,Bahia,Abril,151,2008-04-01
2008,Bahia,Maio,56,2008-05-01
2008,Bahia,Junho,72,2008-06-01
2008,Bahia,Julho,271,2008-07-01
2008,Bahia,Agosto,611,2008-08-01
2008,Bahia,Setembro,4837,2008-09-01
2008,Bahia,Outubro,7691,2008-10-01
2008,Bahia,Novembro,3175,2008-11-01
2008,Bahia,Dezembro,52,2008-12-01
2008,Ceara,Janeiro,166,2008-01-01
2008,Ceara,Fevereiro,12,2008-02-01
2008,Ceara,Mar�o,2,2008-03-01
2008,Ceara,Abril,0,2008-04-01
2008,Ceara,Maio,0,2008-05-01
2008,Ceara,Junho,1,2008-06-01
2008,Ceara,Julho,3,2008-07-01
2008,Ceara,Agosto,32,2008-08-01
2008,Ceara,Setembro,177,2008-09-01
2008,Ceara,Outubro,816,2008-10-01
2008,Ceara,Novembro,1753,2008-11-01
2008,Ceara,Dezembro,1655,2008-12-01
2008,Maranhao,Janeiro,121,2008-01-01
2008,Maranhao,Fevereiro,45,2008-02-01
2008,Maranhao,Mar�o,4,2008-03-01
2008,Maranhao,Abril,26,2008-04-01
2008,Maranhao,Maio,26,2008-05-01
2008,Maranhao,Junho,235,2008-06-01
2008,Maranhao,Julho,502,2008-07-01
2008,Maranhao,Agosto,713,2008-08-01
2008,Maranhao,Setembro,2761,2008-09-01
2008,Maranhao,Outubro,3498,2008-10-01
2008,Maranhao,Novembro,2331,2008-11-01
2008,Maranhao,Dezembro,1101,2008-12-01
2008,Paraiba,Janeiro,77,2008-01-01
2008,Paraiba,Fevereiro,20,2008-02-01
2008,Paraiba,Mar�o,8,2008-03-01
2008,Paraiba,Abril,0,2008-04-01
2008,Paraiba,Maio,0,2008-05-01
2008,Paraiba,Junho,0,2008-06-01
2008,Paraiba,Julho,0,2008-07-01
2008,Paraiba,Agosto,1,2008-08-01
2008,Paraiba,Setembro,21,2008-09-01
2008,Paraiba,Outubro,80,2008-10-01
2008,Paraiba,Novembro,175,2008-11-01
2008,Paraiba,Dezembro,187,2008-12-01
2008,Pernambuco,Janeiro,170,2008-01-01
2008,Pernambuco,Fevereiro,48,2008-02-01
2008,Pernambuco,Mar�o,32,2008-03-01
2008,Pernambuco,Abril,5,2008-04-01
2008,Pernambuco,Maio,0,2008-05-01
2008,Pernambuco,Junho,0,2008-06-01
2008,Pernambuco,Julho,0,2008-07-01
2008,Pernambuco,Agosto,2,2008-08-01
2008,Pernambuco,Setembro,92,2008-09-01
2008,Pernambuco,Outubro,274,2008-10-01
2008,Pernambuco,Novembro,363,2008-11-01
2008,Pernambuco,Dezembro,203,2008-12-01
2008,Piaui,Janeiro,61,2008-01-01
2008,Piaui,Fevereiro,21,2008-02-01
2008,Piaui,Mar�o,4,2008-03-01
2008,Piaui,Abril,7,2008-04-01
2008,Piaui,Maio,12,2008-05-01
2008,Piaui,Junho,33,2008-06-01
2008,Piaui,Julho,97,2008-07-01
2008,Piaui,Agosto,290,2008-08-01
2008,Piaui,Setembro,1472,2008-09-01
2008,Piaui,Outubro,1.83,2008-10-01
2008,Piaui,Novembro,594,2008-11-01
2008,Piaui,Dezembro,329,2008-12-01
2008,Sergipe,Janeiro,100,2008-01-01
2008,Sergipe,Fevereiro,67,2008-02-01
2008,Sergipe,Mar�o,43,2008-03-01
2008,Sergipe,Abril,2,2008-04-01
2008,Sergipe,Maio,0,2008-05-01
2008,Sergipe,Junho,0,2008-06-01
2008,Sergipe,Julho,0,2008-07-01
2008,Sergipe,Agosto,0,2008-08-01
2008,Sergipe,Setembro,0,2008-09-01
2008,Sergipe,Outubro,0,2008-10-01
2008,Sergipe,Novembro,17,2008-11-01
2008,Sergipe,Dezembro,14,2008-12-01
2009,Alagoas,Janeiro,104,2009-01-01
2009,Alagoas,Fevereiro,32,2009-02-01
2009,Alagoas,Mar�o,31,2009-03-01
2009,Alagoas,Abril,5,2009-04-01
2009,Alagoas,Maio,0,2009-05-01
2009,Alagoas,Junho,0,2009-06-01
2009,Alagoas,Julho,0,2009-07-01
2009,Alagoas,Agosto,0,2009-08-01
2009,Alagoas,Setembro,13,2009-09-01
2009,Alagoas,Outubro,30,2009-10-01
2009,Alagoas,Novembro,55,2009-11-01
2009,Alagoas,Dezembro,55,2009-12-01
2009,Bahia,Janeiro,177,2009-01-01
2009,Bahia,Fevereiro,117,2009-02-01
2009,Bahia,Mar�o,249,2009-03-01
2009,Bahia,Abril,40,2009-04-01
2009,Bahia,Maio,34,2009-05-01
2009,Bahia,Junho,92,2009-06-01
2009,Bahia,Julho,321,2009-07-01
2009,Bahia,Agosto,439,2009-08-01
2009,Bahia,Setembro,3.61,2009-09-01
2009,Bahia,Outubro,2552,2009-10-01
2009,Bahia,Novembro,402,2009-11-01
2009,Bahia,Dezembro,308,2009-12-01
2009,Ceara,Janeiro,347,2009-01-01
2009,Ceara,Fevereiro,8,2009-02-01
2009,Ceara,Mar�o,3,2009-03-01
2009,Ceara,Abril,0,2009-04-01
2009,Ceara,Maio,0,2009-05-01
2009,Ceara,Junho,0,2009-06-01
2009,Ceara,Julho,7,2009-07-01
2009,Ceara,Agosto,26,2009-08-01
2009,Ceara,Setembro,101,2009-09-01
2009,Ceara,Outubro,435,2009-10-01
2009,Ceara,Novembro,1653,2009-11-01
2009,Ceara,Dezembro,1987,2009-12-01
2009,Maranhao,Janeiro,240,2009-01-01
2009,Maranhao,Fevereiro,20,2009-02-01
2009,Maranhao,Mar�o,33,2009-03-01
2009,Maranhao,Abril,14,2009-04-01
2009,Maranhao,Maio,19,2009-05-01
2009,Maranhao,Junho,279,2009-06-01
2009,Maranhao,Julho,972,2009-07-01
2009,Maranhao,Agosto,1766,2009-08-01
2009,Maranhao,Setembro,2404,2009-09-01
2009,Maranhao,Outubro,1861,2009-10-01
2009,Maranhao,Novembro,5,2009-11-01
2009,Maranhao,Dezembro,1768,2009-12-01
2009,Paraiba,Janeiro,115,2009-01-01
2009,Paraiba,Fevereiro,9,2009-02-01
2009,Paraiba,Mar�o,2,2009-03-01
2009,Paraiba,Abril,1,2009-04-01
2009,Paraiba,Maio,0,2009-05-01
2009,Paraiba,Junho,0,2009-06-01
2009,Paraiba,Julho,3,2009-07-01
2009,Paraiba,Agosto,4,2009-08-01
2009,Paraiba,Setembro,28,2009-09-01
2009,Paraiba,Outubro,117,2009-10-01
2009,Paraiba,Novembro,428,2009-11-01
2009,Paraiba,Dezembro,270,2009-12-01
2009,Pernambuco,Janeiro,256,2009-01-01
2009,Pernambuco,Fevereiro,28,2009-02-01
2009,Pernambuco,Mar�o,15,2009-03-01
2009,Pernambuco,Abril,3,2009-04-01
2009,Pernambuco,Maio,0,2009-05-01
2009,Pernambuco,Junho,1,2009-06-01
2009,Pernambuco,Julho,1,2009-07-01
2009,Pernambuco,Agosto,10,2009-08-01
2009,Pernambuco,Setembro,164,2009-09-01
2009,Pernambuco,Outubro,254,2009-10-01
2009,Pernambuco,Novembro,486,2009-11-01
2009,Pernambuco,Dezembro,351,2009-12-01
2009,Piaui,Janeiro,79,2009-01-01
2009,Piaui,Fevereiro,19,2009-02-01
2009,Piaui,Mar�o,17,2009-03-01
2009,Piaui,Abril,8,2009-04-01
2009,Piaui,Maio,12,2009-05-01
2009,Piaui,Junho,56,2009-06-01
2009,Piaui,Julho,302,2009-07-01
2009,Piaui,Agosto,790,2009-08-01
2009,Piaui,Setembro,1709,2009-09-01
2009,Piaui,Outubro,913,2009-10-01
2009,Piaui,Novembro,1336,2009-11-01
2009,Piaui,Dezembro,570,2009-12-01
2009,Sergipe,Janeiro,60,2009-01-01
2009,Sergipe,Fevereiro,64,2009-02-01
2009,Sergipe,Mar�o,29,2009-03-01
2009,Sergipe,Abril,19,2009-04-01
2009,Sergipe,Maio,0,2009-05-01
2009,Sergipe,Junho,2,2009-06-01
2009,Sergipe,Julho,0,2009-07-01
2009,Sergipe,Agosto,0,2009-08-01
2009,Sergipe,Setembro,1,2009-09-01
2009,Sergipe,Outubro,1,2009-10-01
2009,Sergipe,Novembro,9,2009-11-01
2009,Sergipe,Dezembro,21,2009-12-01
2010,Alagoas,Janeiro,23,2010-01-01
2010,Alagoas,Fevereiro,26,2010-02-01
2010,Alagoas,Mar�o,70,2010-03-01
2010,Alagoas,Abril,3,2010-04-01
2010,Alagoas,Maio,0,2010-05-01
2010,Alagoas,Junho,0,2010-06-01
2010,Alagoas,Julho,2,2010-07-01
2010,Alagoas,Agosto,1,2010-08-01
2010,Alagoas,Setembro,5,2010-09-01
2010,Alagoas,Outubro,16,2010-10-01
2010,Alagoas,Novembro,31,2010-11-01
2010,Alagoas,Dezembro,45,2010-12-01
2010,Bahia,Janeiro,297,2010-01-01
2010,Bahia,Fevereiro,206,2010-02-01
2010,Bahia,Mar�o,156,2010-03-01
2010,Bahia,Abril,103,2010-04-01
2010,Bahia,Maio,198,2010-05-01
2010,Bahia,Junho,192,2010-06-01
2010,Bahia,Julho,519,2010-07-01
2010,Bahia,Agosto,2423,2010-08-01
2010,Bahia,Setembro,5323,2010-09-01
2010,Bahia,Outubro,5264,2010-10-01
2010,Bahia,Novembro,605,2010-11-01
2010,Bahia,Dezembro,226,2010-12-01
2010,Ceara,Janeiro,288,2010-01-01
2010,Ceara,Fevereiro,63,2010-02-01
2010,Ceara,Mar�o,40,2010-03-01
2010,Ceara,Abril,7,2010-04-01
2010,Ceara,Maio,2,2010-05-01
2010,Ceara,Junho,3,2010-06-01
2010,Ceara,Julho,44,2010-07-01
2010,Ceara,Agosto,202,2010-08-01
2010,Ceara,Setembro,357,2010-09-01
2010,Ceara,Outubro,502,2010-10-01
2010,Ceara,Novembro,1652,2010-11-01
2010,Ceara,Dezembro,578,2010-12-01
2010,Maranhao,Janeiro,319,2010-01-01
2010,Maranhao,Fevereiro,93,2010-02-01
2010,Maranhao,Mar�o,82,2010-03-01
2010,Maranhao,Abril,128,2010-04-01
2010,Maranhao,Maio,273,2010-05-01
2010,Maranhao,Junho,494,2010-06-01
2010,Maranhao,Julho,2323,2010-07-01
2010,Maranhao,Agosto,6353,2010-08-01
2010,Maranhao,Setembro,9795,2010-09-01
2010,Maranhao,Outubro,3228,2010-10-01
2010,Maranhao,Novembro,4005,2010-11-01
2010,Maranhao,Dezembro,1803,2010-12-01
2010,Paraiba,Janeiro,46,2010-01-01
2010,Paraiba,Fevereiro,15,2010-02-01
2010,Paraiba,Mar�o,16,2010-03-01
2010,Paraiba,Abril,2,2010-04-01
2010,Paraiba,Maio,10,2010-05-01
2010,Paraiba,Junho,3,2010-06-01
2010,Paraiba,Julho,7,2010-07-01
2010,Paraiba,Agosto,9,2010-08-01
2010,Paraiba,Setembro,37,2010-09-01
2010,Paraiba,Outubro,150,2010-10-01
2010,Paraiba,Novembro,451,2010-11-01
2010,Paraiba,Dezembro,65,2010-12-01
2010,Pernambuco,Janeiro,47,2010-01-01
2010,Pernambuco,Fevereiro,33,2010-02-01
2010,Pernambuco,Mar�o,59,2010-03-01
2010,Pernambuco,Abril,2,2010-04-01
2010,Pernambuco,Maio,8,2010-05-01
2010,Pernambuco,Junho,1,2010-06-01
2010,Pernambuco,Julho,7,2010-07-01
2010,Pernambuco,Agosto,29,2010-08-01
2010,Pernambuco,Setembro,179,2010-09-01
2010,Pernambuco,Outubro,347,2010-10-01
2010,Pernambuco,Novembro,831,2010-11-01
2010,Pernambuco,Dezembro,117,2010-12-01
2010,Piaui,Janeiro,99,2010-01-01
2010,Piaui,Fevereiro,54,2010-02-01
2010,Piaui,Mar�o,47,2010-03-01
2010,Piaui,Abril,56,2010-04-01
2010,Piaui,Maio,231,2010-05-01
2010,Piaui,Junho,208,2010-06-01
2010,Piaui,Julho,1696,2010-07-01
2010,Piaui,Agosto,4035,2010-08-01
2010,Piaui,Setembro,5392,2010-09-01
2010,Piaui,Outubro,3863,2010-10-01
2010,Piaui,Novembro,1417,2010-11-01
2010,Piaui,Dezembro,357,2010-12-01
2010,Sergipe,Janeiro,29,2010-01-01
2010,Sergipe,Fevereiro,33,2010-02-01
2010,Sergipe,Mar�o,44,2010-03-01
2010,Sergipe,Abril,1,2010-04-01
2010,Sergipe,Maio,0,2010-05-01
2010,Sergipe,Junho,0,2010-06-01
2010,Sergipe,Julho,0,2010-07-01
2010,Sergipe,Agosto,0,2010-08-01
2010,Sergipe,Setembro,0,2010-09-01
2010,Sergipe,Outubro,1,2010-10-01
2010,Sergipe,Novembro,16,2010-11-01
2010,Sergipe,Dezembro,19,2010-12-01
2011,Alagoas,Janeiro,41,2011-01-01
2011,Alagoas,Fevereiro,33,2011-02-01
2011,Alagoas,Mar�o,34,2011-03-01
2011,Alagoas,Abril,17,2011-04-01
2011,Alagoas,Maio,0,2011-05-01
2011,Alagoas,Junho,2,2011-06-01
2011,Alagoas,Julho,0,2011-07-01
2011,Alagoas,Agosto,4,2011-08-01
2011,Alagoas,Setembro,5,2011-09-01
2011,Alagoas,Outubro,23,2011-10-01
2011,Alagoas,Novembro,23,2011-11-01
2011,Alagoas,Dezembro,50,2011-12-01
2011,Bahia,Janeiro,101,2011-01-01
2011,Bahia,Fevereiro,156,2011-02-01
2011,Bahia,Mar�o,90,2011-03-01
2011,Bahia,Abril,149,2011-04-01
2011,Bahia,Maio,189,2011-05-01
2011,Bahia,Junho,345,2011-06-01
2011,Bahia,Julho,578,2011-07-01
2011,Bahia,Agosto,1795,2011-08-01
2011,Bahia,Setembro,7086,2011-09-01
2011,Bahia,Outubro,2166,2011-10-01
2011,Bahia,Novembro,176,2011-11-01
2011,Bahia,Dezembro,230,2011-12-01
2011,Ceara,Janeiro,32,2011-01-01
2011,Ceara,Fevereiro,2,2011-02-01
2011,Ceara,Mar�o,6,2011-03-01
2011,Ceara,Abril,1,2011-04-01
2011,Ceara,Maio,0,2011-05-01
2011,Ceara,Junho,5,2011-06-01
2011,Ceara,Julho,18,2011-07-01
2011,Ceara,Agosto,53,2011-08-01
2011,Ceara,Setembro,239,2011-09-01
2011,Ceara,Outubro,415,2011-10-01
2011,Ceara,Novembro,1561,2011-11-01
2011,Ceara,Dezembro,1441,2011-12-01
2011,Maranhao,Janeiro,124,2011-01-01
2011,Maranhao,Fevereiro,9,2011-02-01
2011,Maranhao,Mar�o,22,2011-03-01
2011,Maranhao,Abril,37,2011-04-01
2011,Maranhao,Maio,73,2011-05-01
2011,Maranhao,Junho,602,2011-06-01
2011,Maranhao,Julho,1024,2011-07-01
2011,Maranhao,Agosto,2138,2011-08-01
2011,Maranhao,Setembro,4632,2011-09-01
2011,Maranhao,Outubro,2404,2011-10-01
2011,Maranhao,Novembro,2261,2011-11-01
2011,Maranhao,Dezembro,1629,2011-12-01
2011,Paraiba,Janeiro,11,2011-01-01
2011,Paraiba,Fevereiro,5,2011-02-01
2011,Paraiba,Mar�o,6,2011-03-01
2011,Paraiba,Abril,2,2011-04-01
2011,Paraiba,Maio,0,2011-05-01
2011,Paraiba,Junho,2,2011-06-01
2011,Paraiba,Julho,6,2011-07-01
2011,Paraiba,Agosto,12,2011-08-01
2011,Paraiba,Setembro,55,2011-09-01
2011,Paraiba,Outubro,200,2011-10-01
2011,Paraiba,Novembro,359,2011-11-01
2011,Paraiba,Dezembro,179,2011-12-01
2011,Pernambuco,Janeiro,49,2011-01-01
2011,Pernambuco,Fevereiro,25,2011-02-01
2011,Pernambuco,Mar�o,39,2011-03-01
2011,Pernambuco,Abril,22,2011-04-01
2011,Pernambuco,Maio,1,2011-05-01
2011,Pernambuco,Junho,4,2011-06-01
2011,Pernambuco,Julho,2,2011-07-01
2011,Pernambuco,Agosto,27,2011-08-01
2011,Pernambuco,Setembro,243,2011-09-01
2011,Pernambuco,Outubro,461,2011-10-01
2011,Pernambuco,Novembro,352,2011-11-01
2011,Pernambuco,Dezembro,364,2011-12-01
2011,Piaui,Janeiro,39,2011-01-01
2011,Piaui,Fevereiro,11,2011-02-01
2011,Piaui,Mar�o,15,2011-03-01
2011,Piaui,Abril,16,2011-04-01
2011,Piaui,Maio,77,2011-05-01
2011,Piaui,Junho,462,2011-06-01
2011,Piaui,Julho,864,2011-07-01
2011,Piaui,Agosto,1958,2011-08-01
2011,Piaui,Setembro,4402,2011-09-01
2011,Piaui,Outubro,1484,2011-10-01
2011,Piaui,Novembro,825,2011-11-01
2011,Piaui,Dezembro,362,2011-12-01
2011,Sergipe,Janeiro,36,2011-01-01
2011,Sergipe,Fevereiro,31,2011-02-01
2011,Sergipe,Mar�o,47,2011-03-01
2011,Sergipe,Abril,12,2011-04-01
2011,Sergipe,Maio,0,2011-05-01
2011,Sergipe,Junho,1,2011-06-01
2011,Sergipe,Julho,0,2011-07-01
2011,Sergipe,Agosto,1,2011-08-01
2011,Sergipe,Setembro,0,2011-09-01
2011,Sergipe,Outubro,5,2011-10-01
2011,Sergipe,Novembro,4,2011-11-01
2011,Sergipe,Dezembro,36,2011-12-01
2012,Alagoas,Janeiro,36,2012-01-01
2012,Alagoas,Fevereiro,41,2012-02-01
2012,Alagoas,Mar�o,44,2012-03-01
2012,Alagoas,Abril,18,2012-04-01
2012,Alagoas,Maio,21,2012-05-01
2012,Alagoas,Junho,4,2012-06-01
2012,Alagoas,Julho,0,2012-07-01
2012,Alagoas,Agosto,0,2012-08-01
2012,Alagoas,Setembro,6,2012-09-01
2012,Alagoas,Outubro,28,2012-10-01
2012,Alagoas,Novembro,95,2012-11-01
2012,Alagoas,Dezembro,59,2012-12-01
2012,Bahia,Janeiro,179,2012-01-01
2012,Bahia,Fevereiro,200,2012-02-01
2012,Bahia,Mar�o,404,2012-03-01
2012,Bahia,Abril,396,2012-04-01
2012,Bahia,Maio,326,2012-05-01
2012,Bahia,Junho,385,2012-06-01
2012,Bahia,Julho,906,2012-07-01
2012,Bahia,Agosto,1835,2012-08-01
2012,Bahia,Setembro,7495,2012-09-01
2012,Bahia,Outubro,4607,2012-10-01
2012,Bahia,Novembro,168,2012-11-01
2012,Bahia,Dezembro,477,2012-12-01
2012,Ceara,Janeiro,273,2012-01-01
2012,Ceara,Fevereiro,41,2012-02-01
2012,Ceara,Mar�o,10,2012-03-01
2012,Ceara,Abril,2,2012-04-01
2012,Ceara,Maio,19,2012-05-01
2012,Ceara,Junho,28,2012-06-01
2012,Ceara,Julho,50,2012-07-01
2012,Ceara,Agosto,278,2012-08-01
2012,Ceara,Setembro,609,2012-09-01
2012,Ceara,Outubro,1104,2012-10-01
2012,Ceara,Novembro,995,2012-11-01
2012,Ceara,Dezembro,631,2012-12-01
2012,Maranhao,Janeiro,326,2012-01-01
2012,Maranhao,Fevereiro,46,2012-02-01
2012,Maranhao,Mar�o,49,2012-03-01
2012,Maranhao,Abril,97,2012-04-01
2012,Maranhao,Maio,286,2012-05-01
2012,Maranhao,Junho,915,2012-06-01
2012,Maranhao,Julho,3548,2012-07-01
2012,Maranhao,Agosto,10395,2012-08-01
2012,Maranhao,Setembro,7626,2012-09-01
2012,Maranhao,Outubro,5,2012-10-01
2012,Maranhao,Novembro,2.01,2012-11-01
2012,Maranhao,Dezembro,1296,2012-12-01
2012,Paraiba,Janeiro,61,2012-01-01
2012,Paraiba,Fevereiro,15,2012-02-01
2012,Paraiba,Mar�o,4,2012-03-01
2012,Paraiba,Abril,13,2012-04-01
2012,Paraiba,Maio,10,2012-05-01
2012,Paraiba,Junho,5,2012-06-01
2012,Paraiba,Julho,5,2012-07-01
2012,Paraiba,Agosto,13,2012-08-01
2012,Paraiba,Setembro,71,2012-09-01
2012,Paraiba,Outubro,136,2012-10-01
2012,Paraiba,Novembro,130,2012-11-01
2012,Paraiba,Dezembro,62,2012-12-01
2012,Pernambuco,Janeiro,146,2012-01-01
2012,Pernambuco,Fevereiro,64,2012-02-01
2012,Pernambuco,Mar�o,44,2012-03-01
2012,Pernambuco,Abril,46,2012-04-01
2012,Pernambuco,Maio,36,2012-05-01
2012,Pernambuco,Junho,12,2012-06-01
2012,Pernambuco,Julho,11,2012-07-01
2012,Pernambuco,Agosto,27,2012-08-01
2012,Pernambuco,Setembro,192,2012-09-01
2012,Pernambuco,Outubro,222,2012-10-01
2012,Pernambuco,Novembro,181,2012-11-01
2012,Pernambuco,Dezembro,108,2012-12-01
2012,Piaui,Janeiro,80,2012-01-01
2012,Piaui,Fevereiro,31,2012-02-01
2012,Piaui,Mar�o,71,2012-03-01
2012,Piaui,Abril,119,2012-04-01
2012,Piaui,Maio,334,2012-05-01
2012,Piaui,Junho,834,2012-06-01
2012,Piaui,Julho,1755,2012-07-01
2012,Piaui,Agosto,3614,2012-08-01
2012,Piaui,Setembro,4479,2012-09-01
2012,Piaui,Outubro,2506,2012-10-01
2012,Piaui,Novembro,447,2012-11-01
2012,Piaui,Dezembro,334,2012-12-01
2012,Sergipe,Janeiro,39,2012-01-01
2012,Sergipe,Fevereiro,34,2012-02-01
2012,Sergipe,Mar�o,71,2012-03-01
2012,Sergipe,Abril,40,2012-04-01
2012,Sergipe,Maio,17,2012-05-01
2012,Sergipe,Junho,3,2012-06-01
2012,Sergipe,Julho,1,2012-07-01
2012,Sergipe,Agosto,0,2012-08-01
2012,Sergipe,Setembro,1,2012-09-01
2012,Sergipe,Outubro,1,2012-10-01
2012,Sergipe,Novembro,6,2012-11-01
2012,Sergipe,Dezembro,18,2012-12-01
2013,Alagoas,Janeiro,49,2013-01-01
2013,Alagoas,Fevereiro,19,2013-02-01
2013,Alagoas,Mar�o,31,2013-03-01
2013,Alagoas,Abril,25,2013-04-01
2013,Alagoas,Maio,2,2013-05-01
2013,Alagoas,Junho,1,2013-06-01
2013,Alagoas,Julho,0,2013-07-01
2013,Alagoas,Agosto,0,2013-08-01
2013,Alagoas,Setembro,4,2013-09-01
2013,Alagoas,Outubro,25,2013-10-01
2013,Alagoas,Novembro,10,2013-11-01
2013,Alagoas,Dezembro,42,2013-12-01
2013,Bahia,Janeiro,125,2013-01-01
2013,Bahia,Fevereiro,231,2013-02-01
2013,Bahia,Mar�o,363,2013-03-01
2013,Bahia,Abril,108,2013-04-01
2013,Bahia,Maio,141,2013-05-01
2013,Bahia,Junho,208,2013-06-01
2013,Bahia,Julho,362,2013-07-01
2013,Bahia,Agosto,610,2013-08-01
2013,Bahia,Setembro,2681,2013-09-01
2013,Bahia,Outubro,1969,2013-10-01
2013,Bahia,Novembro,288,2013-11-01
2013,Bahia,Dezembro,131,2013-12-01
2013,Ceara,Janeiro,103,2013-01-01
2013,Ceara,Fevereiro,49,2013-02-01
2013,Ceara,Mar�o,17,2013-03-01
2013,Ceara,Abril,4,2013-04-01
2013,Ceara,Maio,4,2013-05-01
2013,Ceara,Junho,5,2013-06-01
2013,Ceara,Julho,4,2013-07-01
2013,Ceara,Agosto,32,2013-08-01
2013,Ceara,Setembro,177,2013-09-01
2013,Ceara,Outubro,466,2013-10-01
2013,Ceara,Novembro,1081,2013-11-01
2013,Ceara,Dezembro,956,2013-12-01
2013,Maranhao,Janeiro,209,2013-01-01
2013,Maranhao,Fevereiro,62,2013-02-01
2013,Maranhao,Mar�o,30,2013-03-01
2013,Maranhao,Abril,62,2013-04-01
2013,Maranhao,Maio,100,2013-05-01
2013,Maranhao,Junho,498,2013-06-01
2013,Maranhao,Julho,1111,2013-07-01
2013,Maranhao,Agosto,2098,2013-08-01
2013,Maranhao,Setembro,3.88,2013-09-01
2013,Maranhao,Outubro,2918,2013-10-01
2013,Maranhao,Novembro,2529,2013-11-01
2013,Maranhao,Dezembro,2692,2013-12-01
2013,Paraiba,Janeiro,38,2013-01-01
2013,Paraiba,Fevereiro,9,2013-02-01
2013,Paraiba,Mar�o,3,2013-03-01
2013,Paraiba,Abril,6,2013-04-01
2013,Paraiba,Maio,3,2013-05-01
2013,Paraiba,Junho,3,2013-06-01
2013,Paraiba,Julho,1,2013-07-01
2013,Paraiba,Agosto,3,2013-08-01
2013,Paraiba,Setembro,25,2013-09-01
2013,Paraiba,Outubro,58,2013-10-01
2013,Paraiba,Novembro,95,2013-11-01
2013,Paraiba,Dezembro,78,2013-12-01
2013,Pernambuco,Janeiro,55,2013-01-01
2013,Pernambuco,Fevereiro,29,2013-02-01
2013,Pernambuco,Mar�o,40,2013-03-01
2013,Pernambuco,Abril,11,2013-04-01
2013,Pernambuco,Maio,9,2013-05-01
2013,Pernambuco,Junho,12,2013-06-01
2013,Pernambuco,Julho,4,2013-07-01
2013,Pernambuco,Agosto,14,2013-08-01
2013,Pernambuco,Setembro,143,2013-09-01
2013,Pernambuco,Outubro,161,2013-10-01
2013,Pernambuco,Novembro,110,2013-11-01
2013,Pernambuco,Dezembro,141,2013-12-01
2013,Piaui,Janeiro,72,2013-01-01
2013,Piaui,Fevereiro,68,2013-02-01
2013,Piaui,Mar�o,14,2013-03-01
2013,Piaui,Abril,34,2013-04-01
2013,Piaui,Maio,40,2013-05-01
2013,Piaui,Junho,263,2013-06-01
2013,Piaui,Julho,361,2013-07-01
2013,Piaui,Agosto,1015,2013-08-01
2013,Piaui,Setembro,2311,2013-09-01
2013,Piaui,Outubro,1269,2013-10-01
2013,Piaui,Novembro,640,2013-11-01
2013,Piaui,Dezembro,468,2013-12-01
2013,Sergipe,Janeiro,34,2013-01-01
2013,Sergipe,Fevereiro,47,2013-02-01
2013,Sergipe,Mar�o,67,2013-03-01
2013,Sergipe,Abril,15,2013-04-01
2013,Sergipe,Maio,1,2013-05-01
2013,Sergipe,Junho,1,2013-06-01
2013,Sergipe,Julho,0,2013-07-01
2013,Sergipe,Agosto,0,2013-08-01
2013,Sergipe,Setembro,1,2013-09-01
2013,Sergipe,Outubro,3,2013-10-01
2013,Sergipe,Novembro,7,2013-11-01
2013,Sergipe,Dezembro,9,2013-12-01
2014,Alagoas,Janeiro,54,2014-01-01
2014,Alagoas,Fevereiro,29,2014-02-01
2014,Alagoas,Mar�o,28,2014-03-01
2014,Alagoas,Abril,16,2014-04-01
2014,Alagoas,Maio,1,2014-05-01
2014,Alagoas,Junho,2,2014-06-01
2014,Alagoas,Julho,1,2014-07-01
2014,Alagoas,Agosto,3,2014-08-01
2014,Alagoas,Setembro,11,2014-09-01
2014,Alagoas,Outubro,7,2014-10-01
2014,Alagoas,Novembro,14,2014-11-01
2014,Alagoas,Dezembro,24,2014-12-01
2014,Bahia,Janeiro,132,2014-01-01
2014,Bahia,Fevereiro,107,2014-02-01
2014,Bahia,Mar�o,148,2014-03-01
2014,Bahia,Abril,183,2014-04-01
2014,Bahia,Maio,224,2014-05-01
2014,Bahia,Junho,243,2014-06-01
2014,Bahia,Julho,249,2014-07-01
2014,Bahia,Agosto,674,2014-08-01
2014,Bahia,Setembro,2604,2014-09-01
2014,Bahia,Outubro,2763,2014-10-01
2014,Bahia,Novembro,348,2014-11-01
2014,Bahia,Dezembro,144,2014-12-01
2014,Ceara,Janeiro,115,2014-01-01
2014,Ceara,Fevereiro,18,2014-02-01
2014,Ceara,Mar�o,6,2014-03-01
2014,Ceara,Abril,4,2014-04-01
2014,Ceara,Maio,4,2014-05-01
2014,Ceara,Junho,19,2014-06-01
2014,Ceara,Julho,47,2014-07-01
2014,Ceara,Agosto,155,2014-08-01
2014,Ceara,Setembro,155,2014-09-01
2014,Ceara,Outubro,517,2014-10-01
2014,Ceara,Novembro,829,2014-11-01
2014,Ceara,Dezembro,643,2014-12-01
2014,Maranhao,Janeiro,195,2014-01-01
2014,Maranhao,Fevereiro,29,2014-02-01
2014,Maranhao,Mar�o,59,2014-03-01
2014,Maranhao,Abril,78,2014-04-01
2014,Maranhao,Maio,148,2014-05-01
2014,Maranhao,Junho,812,2014-06-01
2014,Maranhao,Julho,2068,2014-07-01
2014,Maranhao,Agosto,5592,2014-08-01
2014,Maranhao,Setembro,4373,2014-09-01
2014,Maranhao,Outubro,5812,2014-10-01
2014,Maranhao,Novembro,3869,2014-11-01
2014,Maranhao,Dezembro,2.4,2014-12-01
2014,Paraiba,Janeiro,75,2014-01-01
2014,Paraiba,Fevereiro,6,2014-02-01
2014,Paraiba,Mar�o,18,2014-03-01
2014,Paraiba,Abril,8,2014-04-01
2014,Paraiba,Maio,1,2014-05-01
2014,Paraiba,Junho,1,2014-06-01
2014,Paraiba,Julho,9,2014-07-01
2014,Paraiba,Agosto,30,2014-08-01
2014,Paraiba,Setembro,51,2014-09-01
2014,Paraiba,Outubro,70,2014-10-01
2014,Paraiba,Novembro,111,2014-11-01
2014,Paraiba,Dezembro,62,2014-12-01
2014,Pernambuco,Janeiro,99,2014-01-01
2014,Pernambuco,Fevereiro,25,2014-02-01
2014,Pernambuco,Mar�o,36,2014-03-01
2014,Pernambuco,Abril,10,2014-04-01
2014,Pernambuco,Maio,4,2014-05-01
2014,Pernambuco,Junho,3,2014-06-01
2014,Pernambuco,Julho,11,2014-07-01
2014,Pernambuco,Agosto,23,2014-08-01
2014,Pernambuco,Setembro,63,2014-09-01
2014,Pernambuco,Outubro,174,2014-10-01
2014,Pernambuco,Novembro,111,2014-11-01
2014,Pernambuco,Dezembro,101,2014-12-01
2014,Piaui,Janeiro,79,2014-01-01
2014,Piaui,Fevereiro,14,2014-02-01
2014,Piaui,Mar�o,88,2014-03-01
2014,Piaui,Abril,63,2014-04-01
2014,Piaui,Maio,138,2014-05-01
2014,Piaui,Junho,373,2014-06-01
2014,Piaui,Julho,1177,2014-07-01
2014,Piaui,Agosto,2265,2014-08-01
2014,Piaui,Setembro,2536,2014-09-01
2014,Piaui,Outubro,1788,2014-10-01
2014,Piaui,Novembro,717,2014-11-01
2014,Piaui,Dezembro,346,2014-12-01
2014,Sergipe,Janeiro,20,2014-01-01
2014,Sergipe,Fevereiro,18,2014-02-01
2014,Sergipe,Mar�o,33,2014-03-01
2014,Sergipe,Abril,7,2014-04-01
2014,Sergipe,Maio,1,2014-05-01
2014,Sergipe,Junho,0,2014-06-01
2014,Sergipe,Julho,0,2014-07-01
2014,Sergipe,Agosto,0,2014-08-01
2014,Sergipe,Setembro,4,2014-09-01
2014,Sergipe,Outubro,3,2014-10-01
2014,Sergipe,Novembro,9,2014-11-01
2014,Sergipe,Dezembro,9,2014-12-01
2015,Alagoas,Janeiro,81,2015-01-01
2015,Alagoas,Fevereiro,46,2015-02-01
2015,Alagoas,Mar�o,32,2015-03-01
2015,Alagoas,Abril,63,2015-04-01
2015,Alagoas,Maio,18,2015-05-01
2015,Alagoas,Junho,2,2015-06-01
2015,Alagoas,Julho,0,2015-07-01
2015,Alagoas,Agosto,3,2015-08-01
2015,Alagoas,Setembro,7,2015-09-01
2015,Alagoas,Outubro,40,2015-10-01
2015,Alagoas,Novembro,162,2015-11-01
2015,Alagoas,Dezembro,136,2015-12-01
2015,Bahia,Janeiro,256,2015-01-01
2015,Bahia,Fevereiro,143,2015-02-01
2015,Bahia,Mar�o,229,2015-03-01
2015,Bahia,Abril,190,2015-04-01
2015,Bahia,Maio,144,2015-05-01
2015,Bahia,Junho,242,2015-06-01
2015,Bahia,Julho,306,2015-07-01
2015,Bahia,Agosto,829,2015-08-01
2015,Bahia,Setembro,7956,2015-09-01
2015,Bahia,Outubro,4989,2015-10-01
2015,Bahia,Novembro,1705,2015-11-01
2015,Bahia,Dezembro,1408,2015-12-01
2015,Ceara,Janeiro,207,2015-01-01
2015,Ceara,Fevereiro,25,2015-02-01
2015,Ceara,Mar�o,20,2015-03-01
2015,Ceara,Abril,3,2015-04-01
2015,Ceara,Maio,17,2015-05-01
2015,Ceara,Junho,22,2015-06-01
2015,Ceara,Julho,25,2015-07-01
2015,Ceara,Agosto,127,2015-08-01
2015,Ceara,Setembro,214,2015-09-01
2015,Ceara,Outubro,658,2015-10-01
2015,Ceara,Novembro,1081,2015-11-01
2015,Ceara,Dezembro,1021,2015-12-01
2015,Maranhao,Janeiro,494,2015-01-01
2015,Maranhao,Fevereiro,95,2015-02-01
2015,Maranhao,Mar�o,53,2015-03-01
2015,Maranhao,Abril,119,2015-04-01
2015,Maranhao,Maio,194,2015-05-01
2015,Maranhao,Junho,887,2015-06-01
2015,Maranhao,Julho,1642,2015-07-01
2015,Maranhao,Agosto,5428,2015-08-01
2015,Maranhao,Setembro,6423,2015-09-01
2015,Maranhao,Outubro,6746,2015-10-01
2015,Maranhao,Novembro,4.35,2015-11-01
2015,Maranhao,Dezembro,3706,2015-12-01
2015,Paraiba,Janeiro,42,2015-01-01
2015,Paraiba,Fevereiro,15,2015-02-01
2015,Paraiba,Mar�o,7,2015-03-01
2015,Paraiba,Abril,11,2015-04-01
2015,Paraiba,Maio,6,2015-05-01
2015,Paraiba,Junho,0,2015-06-01
2015,Paraiba,Julho,3,2015-07-01
2015,Paraiba,Agosto,5,2015-08-01
2015,Paraiba,Setembro,48,2015-09-01
2015,Paraiba,Outubro,121,2015-10-01
2015,Paraiba,Novembro,206,2015-11-01
2015,Paraiba,Dezembro,122,2015-12-01
2015,Pernambuco,Janeiro,109,2015-01-01
2015,Pernambuco,Fevereiro,55,2015-02-01
2015,Pernambuco,Mar�o,33,2015-03-01
2015,Pernambuco,Abril,30,2015-04-01
2015,Pernambuco,Maio,17,2015-05-01
2015,Pernambuco,Junho,3,2015-06-01
2015,Pernambuco,Julho,13,2015-07-01
2015,Pernambuco,Agosto,21,2015-08-01
2015,Pernambuco,Setembro,116,2015-09-01
2015,Pernambuco,Outubro,194,2015-10-01
2015,Pernambuco,Novembro,315,2015-11-01
2015,Pernambuco,Dezembro,176,2015-12-01
2015,Piaui,Janeiro,92,2015-01-01
2015,Piaui,Fevereiro,38,2015-02-01
2015,Piaui,Mar�o,35,2015-03-01
2015,Piaui,Abril,50,2015-04-01
2015,Piaui,Maio,66,2015-05-01
2015,Piaui,Junho,283,2015-06-01
2015,Piaui,Julho,690,2015-07-01
2015,Piaui,Agosto,2057,2015-08-01
2015,Piaui,Setembro,5828,2015-09-01
2015,Piaui,Outubro,4068,2015-10-01
2015,Piaui,Novembro,897,2015-11-01
2015,Piaui,Dezembro,626,2015-12-01
2015,Sergipe,Janeiro,44,2015-01-01
2015,Sergipe,Fevereiro,40,2015-02-01
2015,Sergipe,Mar�o,49,2015-03-01
2015,Sergipe,Abril,35,2015-04-01
2015,Sergipe,Maio,11,2015-05-01
2015,Sergipe,Junho,3,2015-06-01
2015,Sergipe,Julho,0,2015-07-01
2015,Sergipe,Agosto,0,2015-08-01
2015,Sergipe,Setembro,1,2015-09-01
2015,Sergipe,Outubro,6,2015-10-01
2015,Sergipe,Novembro,47,2015-11-01
2015,Sergipe,Dezembro,63,2015-12-01
2016,Alagoas,Janeiro,24,2016-01-01
2016,Alagoas,Fevereiro,14,2016-02-01
2016,Alagoas,Mar�o,9,2016-03-01
2016,Alagoas,Abril,13,2016-04-01
2016,Alagoas,Maio,4,2016-05-01
2016,Alagoas,Junho,5,2016-06-01
2016,Alagoas,Julho,3,2016-07-01
2016,Alagoas,Agosto,5,2016-08-01
2016,Alagoas,Setembro,18,2016-09-01
2016,Alagoas,Outubro,74,2016-10-01
2016,Alagoas,Novembro,76,2016-11-01
2016,Alagoas,Dezembro,155,2016-12-01
2016,Bahia,Janeiro,285,2016-01-01
2016,Bahia,Fevereiro,418,2016-02-01
2016,Bahia,Mar�o,281,2016-03-01
2016,Bahia,Abril,217,2016-04-01
2016,Bahia,Maio,259,2016-05-01
2016,Bahia,Junho,416,2016-06-01
2016,Bahia,Julho,345,2016-07-01
2016,Bahia,Agosto,724,2016-08-01
2016,Bahia,Setembro,1819,2016-09-01
2016,Bahia,Outubro,1415,2016-10-01
2016,Bahia,Novembro,408,2016-11-01
2016,Bahia,Dezembro,164,2016-12-01
2016,Ceara,Janeiro,100,2016-01-01
2016,Ceara,Fevereiro,13,2016-02-01
2016,Ceara,Mar�o,4,2016-03-01
2016,Ceara,Abril,10,2016-04-01
2016,Ceara,Maio,8,2016-05-01
2016,Ceara,Junho,45,2016-06-01
2016,Ceara,Julho,124,2016-07-01
2016,Ceara,Agosto,293,2016-08-01
2016,Ceara,Setembro,370,2016-09-01
2016,Ceara,Outubro,1.31,2016-10-01
2016,Ceara,Novembro,1328,2016-11-01
2016,Ceara,Dezembro,819,2016-12-01
2016,Maranhao,Janeiro,412,2016-01-01
2016,Maranhao,Fevereiro,318,2016-02-01
2016,Maranhao,Mar�o,113,2016-03-01
2016,Maranhao,Abril,113,2016-04-01
2016,Maranhao,Maio,206,2016-05-01
2016,Maranhao,Junho,709,2016-06-01
2016,Maranhao,Julho,2096,2016-07-01
2016,Maranhao,Agosto,3723,2016-08-01
2016,Maranhao,Setembro,3166,2016-09-01
2016,Maranhao,Outubro,5351,2016-10-01
2016,Maranhao,Novembro,3982,2016-11-01
2016,Maranhao,Dezembro,1577,2016-12-01
2016,Paraiba,Janeiro,18,2016-01-01
2016,Paraiba,Fevereiro,4,2016-02-01
2016,Paraiba,Mar�o,1,2016-03-01
2016,Paraiba,Abril,1,2016-04-01
2016,Paraiba,Maio,1,2016-05-01
2016,Paraiba,Junho,4,2016-06-01
2016,Paraiba,Julho,22,2016-07-01
2016,Paraiba,Agosto,50,2016-08-01
2016,Paraiba,Setembro,131,2016-09-01
2016,Paraiba,Outubro,304,2016-10-01
2016,Paraiba,Novembro,132,2016-11-01
2016,Paraiba,Dezembro,8,2016-12-01
2016,Pernambuco,Janeiro,24,2016-01-01
2016,Pernambuco,Fevereiro,19,2016-02-01
2016,Pernambuco,Mar�o,4,2016-03-01
2016,Pernambuco,Abril,8,2016-04-01
2016,Pernambuco,Maio,6,2016-05-01
2016,Pernambuco,Junho,4,2016-06-01
2016,Pernambuco,Julho,17,2016-07-01
2016,Pernambuco,Agosto,42,2016-08-01
2016,Pernambuco,Setembro,171,2016-09-01
2016,Pernambuco,Outubro,319,2016-10-01
2016,Pernambuco,Novembro,191,2016-11-01
2016,Pernambuco,Dezembro,161,2016-12-01
2016,Piaui,Janeiro,94,2016-01-01
2016,Piaui,Fevereiro,97,2016-02-01
2016,Piaui,Mar�o,53,2016-03-01
2016,Piaui,Abril,35,2016-04-01
2016,Piaui,Maio,60,2016-05-01
2016,Piaui,Junho,153,2016-06-01
2016,Piaui,Julho,754,2016-07-01
2016,Piaui,Agosto,1647,2016-08-01
2016,Piaui,Setembro,1394,2016-09-01
2016,Piaui,Outubro,2598,2016-10-01
2016,Piaui,Novembro,1126,2016-11-01
2016,Piaui,Dezembro,374,2016-12-01
2016,Sergipe,Janeiro,9,2016-01-01
2016,Sergipe,Fevereiro,22,2016-02-01
2016,Sergipe,Mar�o,26,2016-03-01
2016,Sergipe,Abril,14,2016-04-01
2016,Sergipe,Maio,9,2016-05-01
2016,Sergipe,Junho,1,2016-06-01
2016,Sergipe,Julho,0,2016-07-01
2016,Sergipe,Agosto,6,2016-08-01
2016,Sergipe,Setembro,2,2016-09-01
2016,Sergipe,Outubro,10,2016-10-01
2016,Sergipe,Novembro,17,2016-11-01
2016,Sergipe,Dezembro,36,2016-12-01
2017,Alagoas,Janeiro,38,2017-01-01
2017,Alagoas,Janeiro,38,2017-01-01
2017,Alagoas,Fevereiro,21,2017-02-01
2017,Alagoas,Mar�o,23,2017-03-01
2017,Alagoas,Abril,7,2017-04-01
2017,Alagoas,Maio,1,2017-05-01
2017,Alagoas,Junho,2,2017-06-01
2017,Alagoas,Julho,0,2017-07-01
2017,Alagoas,Agosto,1,2017-08-01
2017,Alagoas,Setembro,4,2017-09-01
2017,Alagoas,Outubro,14,2017-10-01
2017,Alagoas,Novembro,10,2017-11-01
2017,Bahia,Janeiro,154,2017-01-01
2017,Bahia,Fevereiro,100,2017-02-01
2017,Bahia,Mar�o,163,2017-03-01
2017,Bahia,Abril,94,2017-04-01
2017,Bahia,Maio,121,2017-05-01
2017,Bahia,Junho,329,2017-06-01
2017,Bahia,Julho,300,2017-07-01
2017,Bahia,Agosto,1018,2017-08-01
2017,Bahia,Setembro,1791,2017-09-01
2017,Bahia,Outubro,4005,2017-10-01
2017,Bahia,Novembro,174,2017-11-01
2017,Ceara,Janeiro,91,2017-01-01
2017,Ceara,Fevereiro,9,2017-02-01
2017,Ceara,Mar�o,4,2017-03-01
2017,Ceara,Abril,6,2017-04-01
2017,Ceara,Maio,9,2017-05-01
2017,Ceara,Junho,23,2017-06-01
2017,Ceara,Julho,26,2017-07-01
2017,Ceara,Agosto,121,2017-08-01
2017,Ceara,Setembro,505,2017-09-01
2017,Ceara,Outubro,949,2017-10-01
2017,Ceara,Novembro,812,2017-11-01
2017,Maranhao,Janeiro,187,2017-01-01
2017,Maranhao,Fevereiro,47,2017-02-01
2017,Maranhao,Mar�o,32,2017-03-01
2017,Maranhao,Abril,91,2017-04-01
2017,Maranhao,Maio,142,2017-05-01
2017,Maranhao,Junho,885,2017-06-01
2017,Maranhao,Julho,2521,2017-07-01
2017,Maranhao,Agosto,3875,2017-08-01
2017,Maranhao,Setembro,14825,2017-09-01
2017,Maranhao,Outubro,6011,2017-10-01
2017,Maranhao,Novembro,2.3,2017-11-01
2017,Paraiba,Janeiro,23,2017-01-01
2017,Paraiba,Fevereiro,8,2017-02-01
2017,Paraiba,Mar�o,2,2017-03-01
2017,Paraiba,Abril,1,2017-04-01
2017,Paraiba,Maio,1,2017-05-01
2017,Paraiba,Junho,0,2017-06-01
2017,Paraiba,Julho,2,2017-07-01
2017,Paraiba,Agosto,3,2017-08-01
2017,Paraiba,Setembro,30,2017-09-01
2017,Paraiba,Outubro,123,2017-10-01
2017,Paraiba,Novembro,101,2017-11-01
2017,Pernambuco,Janeiro,52,2017-01-01
2017,Pernambuco,Fevereiro,23,2017-02-01
2017,Pernambuco,Mar�o,7,2017-03-01
2017,Pernambuco,Abril,9,2017-04-01
2017,Pernambuco,Maio,13,2017-05-01
2017,Pernambuco,Junho,5,2017-06-01
2017,Pernambuco,Julho,2,2017-07-01
2017,Pernambuco,Agosto,20,2017-08-01
2017,Pernambuco,Setembro,69,2017-09-01
2017,Pernambuco,Outubro,256,2017-10-01
2017,Pernambuco,Novembro,66,2017-11-01
2017,Piaui,Janeiro,85,2017-01-01
2017,Piaui,Fevereiro,24,2017-02-01
2017,Piaui,Mar�o,25,2017-03-01
2017,Piaui,Abril,25,2017-04-01
2017,Piaui,Maio,36,2017-05-01
2017,Piaui,Junho,193,2017-06-01
2017,Piaui,Julho,643,2017-07-01
2017,Piaui,Agosto,1572,2017-08-01
2017,Piaui,Setembro,3422,2017-09-01
2017,Piaui,Outubro,3004,2017-10-01
2017,Piaui,Novembro,449,2017-11-01
2017,Sergipe,Janeiro,31,2017-01-01
2017,Sergipe,Fevereiro,18,2017-02-01
2017,Sergipe,Mar�o,16,2017-03-01
2017,Sergipe,Abril,8,2017-04-01
2017,Sergipe,Maio,1,2017-05-01
2017,Sergipe,Junho,0,2017-06-01
2017,Sergipe,Julho,0,2017-07-01
2017,Sergipe,Agosto,0,2017-08-01
2017,Sergipe,Setembro,0,2017-09-01
2017,Sergipe,Outubro,0,2017-10-01
2017,Sergipe,Novembro,1,2017-11-01
